Date,Campaign Name,Campaign ID,Placement ID,Account ID,Account Name,Country,Clicks,Impressions,Spend
2026-05-01,GRWM usign Sun Glasses,GADS_H&M_DISPLAY_AWARENESS_US_CALIFORNIA_SUMMER,Video 1234,99999,XYZ,United States,792,231042,636.85
2026-05-02,GRWM usign Sun Glasses,GADS_H&M_DISPLAY_AWARENESS_US_CALIFORNIA_SUMMER,Video 1234,99999,XYZ,United States,996,198078,882.5
2026-05-03,GRWM usign Sun Glasses,GADS_H&M_DISPLAY_AWARENESS_US_CALIFORNIA_SUMMER,Video 1234,99999,XYZ,United States,896,251060,747.33
2026-05-04,GRWM usign Sun Glasses,GADS_H&M_DISPLAY_AWARENESS_US_CALIFORNIA_SUMMER,Video 1234,99999,XYZ,United States,706,182759,600.87
2026-05-05,GRWM usign Sun Glasses,GADS_H&M_DISPLAY_AWARENESS_US_CALIFORNIA_SUMMER,Video 1234,99999,XYZ,United States,697,182501,613.76
2026-05-06,GRWM usign Sun Glasses,GADS_H&M_DISPLAY_AWARENESS_US_CALIFORNIA_SUMMER,Video 1234,99999,XYZ,United States,865,223559,751.0
2026-05-07,GRWM usign Sun Glasses,GADS_H&M_DISPLAY_AWARENESS_US_CALIFORNIA_SUMMER,Video 1234,99999,XYZ,United States,828,244506,755.46
2026-05-08,GRWM usign Sun Glasses,GADS_H&M_DISPLAY_AWARENESS_US_CALIFORNIA_SUMMER,Video 1234,99999,XYZ,United States,975,235692,760.22
2026-05-09,GRWM usign Sun Glasses,GADS_H&M_DISPLAY_AWARENESS_US_CALIFORNIA_SUMMER,Video 1234,99999,XYZ,United States,1058,256211,811.4
2026-05-10,GRWM usign Sun Glasses,GADS_H&M_DISPLAY_AWARENESS_US_CALIFORNIA_SUMMER,Video 1234,99999,XYZ,United States,993,188059,865.06
2026-05-11,GRWM usign Sun Glasses,GADS_H&M_DISPLAY_AWARENESS_US_CALIFORNIA_SUMMER,Video 1234,99999,XYZ,United States,1225,244324,1050.3
2026-05-12,GRWM usign Sun Glasses,GADS_H&M_DISPLAY_AWARENESS_US_CALIFORNIA_SUMMER,Video 1234,99999,XYZ,United States,1088,257470,936.35
2026-05-13,GRWM usign Sun Glasses,GADS_H&M_DISPLAY_AWARENESS_US_CALIFORNIA_SUMMER,Video 1234,99999,XYZ,United States,1173,246088,1083.6
2026-05-14,GRWM usign Sun Glasses,GADS_H&M_DISPLAY_AWARENESS_US_CALIFORNIA_SUMMER,Video 1234,99999,XYZ,United States,1121,226126,848.99
2026-05-15,GRWM usign Sun Glasses,GADS_H&M_DISPLAY_AWARENESS_US_CALIFORNIA_SUMMER,Video 1234,99999,XYZ,United States,798,198449,609.89
2026-05-16,GRWM usign Sun Glasses,GADS_H&M_DISPLAY_AWARENESS_US_CALIFORNIA_SUMMER,Video 1234,99999,XYZ,United States,716,198837,576.17
2026-05-17,GRWM usign Sun Glasses,GADS_H&M_DISPLAY_AWARENESS_US_CALIFORNIA_SUMMER,Video 1234,99999,XYZ,United States,968,230746,797.16
2026-05-18,GRWM usign Sun Glasses,GADS_H&M_DISPLAY_AWARENESS_US_CALIFORNIA_SUMMER,Video 1234,99999,XYZ,United States,783,196992,735.3
2026-05-19,GRWM usign Sun Glasses,GADS_H&M_DISPLAY_AWARENESS_US_CALIFORNIA_SUMMER,Video 1234,99999,XYZ,United States,1099,231724,860.42
2026-05-20,GRWM usign Sun Glasses,GADS_H&M_DISPLAY_AWARENESS_US_CALIFORNIA_SUMMER,Video 1234,99999,XYZ,United States,891,238146,735.44
2026-05-21,GRWM usign Sun Glasses,GADS_H&M_DISPLAY_AWARENESS_US_CALIFORNIA_SUMMER,Video 1234,99999,XYZ,United States,1245,258770,1072.71
2026-05-22,GRWM usign Sun Glasses,GADS_H&M_DISPLAY_AWARENESS_US_CALIFORNIA_SUMMER,Video 1234,99999,XYZ,United States,1236,234621,1120.19
2026-05-23,GRWM usign Sun Glasses,GADS_H&M_DISPLAY_AWARENESS_US_CALIFORNIA_SUMMER,Video 1234,99999,XYZ,United States,684,198540,555.65
2026-05-24,GRWM usign Sun Glasses,GADS_H&M_DISPLAY_AWARENESS_US_CALIFORNIA_SUMMER,Video 1234,99999,XYZ,United States,776,201605,729.71
2026-05-25,GRWM usign Sun Glasses,GADS_H&M_DISPLAY_AWARENESS_US_CALIFORNIA_SUMMER,Video 1234,99999,XYZ,United States,1019,249808,898.46
2026-05-26,GRWM usign Sun Glasses,GADS_H&M_DISPLAY_AWARENESS_US_CALIFORNIA_SUMMER,Video 1234,99999,XYZ,United States,1150,211734,967.85
2026-05-27,GRWM usign Sun Glasses,GADS_H&M_DISPLAY_AWARENESS_US_CALIFORNIA_SUMMER,Video 1234,99999,XYZ,United States,791,201378,682.25
2026-05-28,GRWM usign Sun Glasses,GADS_H&M_DISPLAY_AWARENESS_US_CALIFORNIA_SUMMER,Video 1234,99999,XYZ,United States,943,201209,878.08
2026-05-29,GRWM usign Sun Glasses,GADS_H&M_DISPLAY_AWARENESS_US_CALIFORNIA_SUMMER,Video 1234,99999,XYZ,United States,820,212032,780.23
2026-05-30,GRWM usign Sun Glasses,GADS_H&M_DISPLAY_AWARENESS_US_CALIFORNIA_SUMMER,Video 1234,99999,XYZ,United States,790,220754,598.51
2026-05-31,GRWM usign Sun Glasses,GADS_H&M_DISPLAY_AWARENESS_US_CALIFORNIA_SUMMER,Video 1234,99999,XYZ,United States,905,189084,823.17
2026-06-01,GRWM usign Sun Glasses,GADS_H&M_DISPLAY_AWARENESS_US_CALIFORNIA_SUMMER,Video 1234,99999,XYZ,United States,752,213835,621.04
2026-06-02,GRWM usign Sun Glasses,GADS_H&M_DISPLAY_AWARENESS_US_CALIFORNIA_SUMMER,Video 1234,99999,XYZ,United States,1183,259292,1119.24
2026-06-03,GRWM usign Sun Glasses,GADS_H&M_DISPLAY_AWARENESS_US_CALIFORNIA_SUMMER,Video 1234,99999,XYZ,United States,845,248573,756.3
2026-06-04,GRWM usign Sun Glasses,GADS_H&M_DISPLAY_AWARENESS_US_CALIFORNIA_SUMMER,Video 1234,99999,XYZ,United States,1074,234391,861.81
2026-06-05,GRWM usign Sun Glasses,GADS_H&M_DISPLAY_AWARENESS_US_CALIFORNIA_SUMMER,Video 1234,99999,XYZ,United States,838,231164,701.15
2026-06-06,GRWM usign Sun Glasses,GADS_H&M_DISPLAY_AWARENESS_US_CALIFORNIA_SUMMER,Video 1234,99999,XYZ,United States,1194,216334,1106.45
2026-06-07,GRWM usign Sun Glasses,GADS_H&M_DISPLAY_AWARENESS_US_CALIFORNIA_SUMMER,Video 1234,99999,XYZ,United States,905,201260,709.92
2026-06-08,GRWM usign Sun Glasses,GADS_H&M_DISPLAY_AWARENESS_US_CALIFORNIA_SUMMER,Video 1234,99999,XYZ,United States,1347,252680,1089.57
2026-06-09,GRWM usign Sun Glasses,GADS_H&M_DISPLAY_AWARENESS_US_CALIFORNIA_SUMMER,Video 1234,99999,XYZ,United States,1096,231004,853.98
2026-06-10,GRWM usign Sun Glasses,GADS_H&M_DISPLAY_AWARENESS_US_CALIFORNIA_SUMMER,Video 1234,99999,XYZ,United States,1104,240790,1001.15
2026-06-11,GRWM usign Sun Glasses,GADS_H&M_DISPLAY_AWARENESS_US_CALIFORNIA_SUMMER,Video 1234,99999,XYZ,United States,750,222404,610.6
2026-06-12,GRWM usign Sun Glasses,GADS_H&M_DISPLAY_AWARENESS_US_CALIFORNIA_SUMMER,Video 1234,99999,XYZ,United States,994,181942,921.7
2026-06-13,GRWM usign Sun Glasses,GADS_H&M_DISPLAY_AWARENESS_US_CALIFORNIA_SUMMER,Video 1234,99999,XYZ,United States,1001,246267,760.58
2026-06-14,GRWM usign Sun Glasses,GADS_H&M_DISPLAY_AWARENESS_US_CALIFORNIA_SUMMER,Video 1234,99999,XYZ,United States,1376,249938,1053.29
2026-06-15,GRWM usign Sun Glasses,GADS_H&M_DISPLAY_AWARENESS_US_CALIFORNIA_SUMMER,Video 1234,99999,XYZ,United States,772,218890,697.24
2026-06-16,GRWM usign Sun Glasses,GADS_H&M_DISPLAY_AWARENESS_US_CALIFORNIA_SUMMER,Video 1234,99999,XYZ,United States,883,241054,746.1
2026-06-17,GRWM usign Sun Glasses,GADS_H&M_DISPLAY_AWARENESS_US_CALIFORNIA_SUMMER,Video 1234,99999,XYZ,United States,889,223944,823.19
2026-06-18,GRWM usign Sun Glasses,GADS_H&M_DISPLAY_AWARENESS_US_CALIFORNIA_SUMMER,Video 1234,99999,XYZ,United States,823,213912,706.15
2026-06-19,GRWM usign Sun Glasses,GADS_H&M_DISPLAY_AWARENESS_US_CALIFORNIA_SUMMER,Video 1234,99999,XYZ,United States,911,238210,739.36
2026-06-20,GRWM usign Sun Glasses,GADS_H&M_DISPLAY_AWARENESS_US_CALIFORNIA_SUMMER,Video 1234,99999,XYZ,United States,1253,259215,1049.23
2026-06-21,GRWM usign Sun Glasses,GADS_H&M_DISPLAY_AWARENESS_US_CALIFORNIA_SUMMER,Video 1234,99999,XYZ,United States,807,221392,640.63
2026-06-22,GRWM usign Sun Glasses,GADS_H&M_DISPLAY_AWARENESS_US_CALIFORNIA_SUMMER,Video 1234,99999,XYZ,United States,973,207176,773.48
2026-06-23,GRWM usign Sun Glasses,GADS_H&M_DISPLAY_AWARENESS_US_CALIFORNIA_SUMMER,Video 1234,99999,XYZ,United States,699,197841,612.84
2026-06-24,GRWM usign Sun Glasses,GADS_H&M_DISPLAY_AWARENESS_US_CALIFORNIA_SUMMER,Video 1234,99999,XYZ,United States,1074,198532,991.69
2026-06-25,GRWM usign Sun Glasses,GADS_H&M_DISPLAY_AWARENESS_US_CALIFORNIA_SUMMER,Video 1234,99999,XYZ,United States,727,186011,643.01
2026-06-26,GRWM usign Sun Glasses,GADS_H&M_DISPLAY_AWARENESS_US_CALIFORNIA_SUMMER,Video 1234,99999,XYZ,United States,724,197367,679.72
2026-06-27,GRWM usign Sun Glasses,GADS_H&M_DISPLAY_AWARENESS_US_CALIFORNIA_SUMMER,Video 1234,99999,XYZ,United States,1001,225626,908.97
2026-06-28,GRWM usign Sun Glasses,GADS_H&M_DISPLAY_AWARENESS_US_CALIFORNIA_SUMMER,Video 1234,99999,XYZ,United States,929,244353,713.26
2026-06-29,GRWM usign Sun Glasses,GADS_H&M_DISPLAY_AWARENESS_US_CALIFORNIA_SUMMER,Video 1234,99999,XYZ,United States,928,214539,782.56
2026-06-30,GRWM usign Sun Glasses,GADS_H&M_DISPLAY_AWARENESS_US_CALIFORNIA_SUMMER,Video 1234,99999,XYZ,United States,1164,238142,1104.37
2026-05-01,GRWM usign Sun Glasses,GADS_H&M_DISPLAY_RETARGETING_US_CALIFORNIA_SUMMER,Video 1234,99999,XYZ,United States,927,81265,1024.94
2026-05-02,GRWM usign Sun Glasses,GADS_H&M_DISPLAY_RETARGETING_US_CALIFORNIA_SUMMER,Video 1234,99999,XYZ,United States,1126,107369,1198.62
2026-05-03,GRWM usign Sun Glasses,GADS_H&M_DISPLAY_RETARGETING_US_CALIFORNIA_SUMMER,Video 1234,99999,XYZ,United States,1075,93242,1170.54
2026-05-04,GRWM usign Sun Glasses,GADS_H&M_DISPLAY_RETARGETING_US_CALIFORNIA_SUMMER,Video 1234,99999,XYZ,United States,1256,86443,1424.69
2026-05-05,GRWM usign Sun Glasses,GADS_H&M_DISPLAY_RETARGETING_US_CALIFORNIA_SUMMER,Video 1234,99999,XYZ,United States,1320,107358,1354.27
2026-05-06,GRWM usign Sun Glasses,GADS_H&M_DISPLAY_RETARGETING_US_CALIFORNIA_SUMMER,Video 1234,99999,XYZ,United States,1570,112075,2008.73
2026-05-07,GRWM usign Sun Glasses,GADS_H&M_DISPLAY_RETARGETING_US_CALIFORNIA_SUMMER,Video 1234,99999,XYZ,United States,1544,109581,1633.4
2026-05-08,GRWM usign Sun Glasses,GADS_H&M_DISPLAY_RETARGETING_US_CALIFORNIA_SUMMER,Video 1234,99999,XYZ,United States,971,94508,1090.13
2026-05-09,GRWM usign Sun Glasses,GADS_H&M_DISPLAY_RETARGETING_US_CALIFORNIA_SUMMER,Video 1234,99999,XYZ,United States,900,79905,1155.55
2026-05-10,GRWM usign Sun Glasses,GADS_H&M_DISPLAY_RETARGETING_US_CALIFORNIA_SUMMER,Video 1234,99999,XYZ,United States,1191,86969,1354.86
2026-05-11,GRWM usign Sun Glasses,GADS_H&M_DISPLAY_RETARGETING_US_CALIFORNIA_SUMMER,Video 1234,99999,XYZ,United States,1361,92366,1751.25
2026-05-12,GRWM usign Sun Glasses,GADS_H&M_DISPLAY_RETARGETING_US_CALIFORNIA_SUMMER,Video 1234,99999,XYZ,United States,1289,96907,1359.54
2026-05-13,GRWM usign Sun Glasses,GADS_H&M_DISPLAY_RETARGETING_US_CALIFORNIA_SUMMER,Video 1234,99999,XYZ,United States,1304,88047,1528.1
2026-05-14,GRWM usign Sun Glasses,GADS_H&M_DISPLAY_RETARGETING_US_CALIFORNIA_SUMMER,Video 1234,99999,XYZ,United States,1300,96443,1336.11
2026-05-15,GRWM usign Sun Glasses,GADS_H&M_DISPLAY_RETARGETING_US_CALIFORNIA_SUMMER,Video 1234,99999,XYZ,United States,1176,97878,1466.88
2026-05-16,GRWM usign Sun Glasses,GADS_H&M_DISPLAY_RETARGETING_US_CALIFORNIA_SUMMER,Video 1234,99999,XYZ,United States,1229,83284,1270.92
2026-05-17,GRWM usign Sun Glasses,GADS_H&M_DISPLAY_RETARGETING_US_CALIFORNIA_SUMMER,Video 1234,99999,XYZ,United States,1059,84255,1269.06
2026-05-18,GRWM usign Sun Glasses,GADS_H&M_DISPLAY_RETARGETING_US_CALIFORNIA_SUMMER,Video 1234,99999,XYZ,United States,835,85943,1050.2
2026-05-19,GRWM usign Sun Glasses,GADS_H&M_DISPLAY_RETARGETING_US_CALIFORNIA_SUMMER,Video 1234,99999,XYZ,United States,1084,86320,1282.32
2026-05-20,GRWM usign Sun Glasses,GADS_H&M_DISPLAY_RETARGETING_US_CALIFORNIA_SUMMER,Video 1234,99999,XYZ,United States,1153,92237,1333.2
2026-05-21,GRWM usign Sun Glasses,GADS_H&M_DISPLAY_RETARGETING_US_CALIFORNIA_SUMMER,Video 1234,99999,XYZ,United States,1123,109866,1358.46
2026-05-22,GRWM usign Sun Glasses,GADS_H&M_DISPLAY_RETARGETING_US_CALIFORNIA_SUMMER,Video 1234,99999,XYZ,United States,978,86063,1171.04
2026-05-23,GRWM usign Sun Glasses,GADS_H&M_DISPLAY_RETARGETING_US_CALIFORNIA_SUMMER,Video 1234,99999,XYZ,United States,960,88159,1170.73
2026-05-24,GRWM usign Sun Glasses,GADS_H&M_DISPLAY_RETARGETING_US_CALIFORNIA_SUMMER,Video 1234,99999,XYZ,United States,944,80380,1215.47
2026-05-25,GRWM usign Sun Glasses,GADS_H&M_DISPLAY_RETARGETING_US_CALIFORNIA_SUMMER,Video 1234,99999,XYZ,United States,1056,111966,1130.8
2026-05-26,GRWM usign Sun Glasses,GADS_H&M_DISPLAY_RETARGETING_US_CALIFORNIA_SUMMER,Video 1234,99999,XYZ,United States,1269,86969,1592.75
2026-05-27,GRWM usign Sun Glasses,GADS_H&M_DISPLAY_RETARGETING_US_CALIFORNIA_SUMMER,Video 1234,99999,XYZ,United States,1211,107971,1278.26
2026-05-28,GRWM usign Sun Glasses,GADS_H&M_DISPLAY_RETARGETING_US_CALIFORNIA_SUMMER,Video 1234,99999,XYZ,United States,1406,106414,1660.24
2026-05-29,GRWM usign Sun Glasses,GADS_H&M_DISPLAY_RETARGETING_US_CALIFORNIA_SUMMER,Video 1234,99999,XYZ,United States,1443,111663,1463.43
2026-05-30,GRWM usign Sun Glasses,GADS_H&M_DISPLAY_RETARGETING_US_CALIFORNIA_SUMMER,Video 1234,99999,XYZ,United States,1142,105844,1364.8
2026-05-31,GRWM usign Sun Glasses,GADS_H&M_DISPLAY_RETARGETING_US_CALIFORNIA_SUMMER,Video 1234,99999,XYZ,United States,1078,110011,1125.28
2026-06-01,GRWM usign Sun Glasses,GADS_H&M_DISPLAY_RETARGETING_US_CALIFORNIA_SUMMER,Video 1234,99999,XYZ,United States,1004,81560,1091.52
2026-06-02,GRWM usign Sun Glasses,GADS_H&M_DISPLAY_RETARGETING_US_CALIFORNIA_SUMMER,Video 1234,99999,XYZ,United States,1311,98585,1400.4
2026-06-03,GRWM usign Sun Glasses,GADS_H&M_DISPLAY_RETARGETING_US_CALIFORNIA_SUMMER,Video 1234,99999,XYZ,United States,1054,99590,1208.76
2026-06-04,GRWM usign Sun Glasses,GADS_H&M_DISPLAY_RETARGETING_US_CALIFORNIA_SUMMER,Video 1234,99999,XYZ,United States,1532,108862,1589.41
2026-06-05,GRWM usign Sun Glasses,GADS_H&M_DISPLAY_RETARGETING_US_CALIFORNIA_SUMMER,Video 1234,99999,XYZ,United States,984,92386,996.77
2026-06-06,GRWM usign Sun Glasses,GADS_H&M_DISPLAY_RETARGETING_US_CALIFORNIA_SUMMER,Video 1234,99999,XYZ,United States,1337,104272,1449.71
2026-06-07,GRWM usign Sun Glasses,GADS_H&M_DISPLAY_RETARGETING_US_CALIFORNIA_SUMMER,Video 1234,99999,XYZ,United States,1271,103250,1436.28
2026-06-08,GRWM usign Sun Glasses,GADS_H&M_DISPLAY_RETARGETING_US_CALIFORNIA_SUMMER,Video 1234,99999,XYZ,United States,739,78230,927.99
2026-06-09,GRWM usign Sun Glasses,GADS_H&M_DISPLAY_RETARGETING_US_CALIFORNIA_SUMMER,Video 1234,99999,XYZ,United States,1335,108814,1658.53
2026-06-10,GRWM usign Sun Glasses,GADS_H&M_DISPLAY_RETARGETING_US_CALIFORNIA_SUMMER,Video 1234,99999,XYZ,United States,967,97821,1012.62
2026-06-11,GRWM usign Sun Glasses,GADS_H&M_DISPLAY_RETARGETING_US_CALIFORNIA_SUMMER,Video 1234,99999,XYZ,United States,1273,88442,1567.99
2026-06-12,GRWM usign Sun Glasses,GADS_H&M_DISPLAY_RETARGETING_US_CALIFORNIA_SUMMER,Video 1234,99999,XYZ,United States,1544,107336,1652.05
2026-06-13,GRWM usign Sun Glasses,GADS_H&M_DISPLAY_RETARGETING_US_CALIFORNIA_SUMMER,Video 1234,99999,XYZ,United States,831,86433,1019.9
2026-06-14,GRWM usign Sun Glasses,GADS_H&M_DISPLAY_RETARGETING_US_CALIFORNIA_SUMMER,Video 1234,99999,XYZ,United States,1236,108137,1462.56
2026-06-15,GRWM usign Sun Glasses,GADS_H&M_DISPLAY_RETARGETING_US_CALIFORNIA_SUMMER,Video 1234,99999,XYZ,United States,1212,83185,1515.76
2026-06-16,GRWM usign Sun Glasses,GADS_H&M_DISPLAY_RETARGETING_US_CALIFORNIA_SUMMER,Video 1234,99999,XYZ,United States,1542,111286,1935.63
2026-06-17,GRWM usign Sun Glasses,GADS_H&M_DISPLAY_RETARGETING_US_CALIFORNIA_SUMMER,Video 1234,99999,XYZ,United States,1056,78747,1165.49
2026-06-18,GRWM usign Sun Glasses,GADS_H&M_DISPLAY_RETARGETING_US_CALIFORNIA_SUMMER,Video 1234,99999,XYZ,United States,1515,109733,1894.48
2026-06-19,GRWM usign Sun Glasses,GADS_H&M_DISPLAY_RETARGETING_US_CALIFORNIA_SUMMER,Video 1234,99999,XYZ,United States,1119,105627,1375.6
2026-06-20,GRWM usign Sun Glasses,GADS_H&M_DISPLAY_RETARGETING_US_CALIFORNIA_SUMMER,Video 1234,99999,XYZ,United States,1161,81596,1450.06
2026-06-21,GRWM usign Sun Glasses,GADS_H&M_DISPLAY_RETARGETING_US_CALIFORNIA_SUMMER,Video 1234,99999,XYZ,United States,1188,85507,1353.18
2026-06-22,GRWM usign Sun Glasses,GADS_H&M_DISPLAY_RETARGETING_US_CALIFORNIA_SUMMER,Video 1234,99999,XYZ,United States,1216,88337,1306.98
2026-06-23,GRWM usign Sun Glasses,GADS_H&M_DISPLAY_RETARGETING_US_CALIFORNIA_SUMMER,Video 1234,99999,XYZ,United States,799,78709,880.98
2026-06-24,GRWM usign Sun Glasses,GADS_H&M_DISPLAY_RETARGETING_US_CALIFORNIA_SUMMER,Video 1234,99999,XYZ,United States,1590,107460,1731.57
2026-06-25,GRWM usign Sun Glasses,GADS_H&M_DISPLAY_RETARGETING_US_CALIFORNIA_SUMMER,Video 1234,99999,XYZ,United States,1137,99838,1458.54
2026-06-26,GRWM usign Sun Glasses,GADS_H&M_DISPLAY_RETARGETING_US_CALIFORNIA_SUMMER,Video 1234,99999,XYZ,United States,1408,96238,1469.72
2026-06-27,GRWM usign Sun Glasses,GADS_H&M_DISPLAY_RETARGETING_US_CALIFORNIA_SUMMER,Video 1234,99999,XYZ,United States,1118,111087,1428.42
2026-06-28,GRWM usign Sun Glasses,GADS_H&M_DISPLAY_RETARGETING_US_CALIFORNIA_SUMMER,Video 1234,99999,XYZ,United States,839,86978,949.7
2026-06-29,GRWM usign Sun Glasses,GADS_H&M_DISPLAY_RETARGETING_US_CALIFORNIA_SUMMER,Video 1234,99999,XYZ,United States,1118,102816,1318.47
2026-06-30,GRWM usign Sun Glasses,GADS_H&M_DISPLAY_RETARGETING_US_CALIFORNIA_SUMMER,Video 1234,99999,XYZ,United States,1078,95390,1262.49
2026-05-01,XYZ Brand Search Summer,GADS_XYZ_SEARCH_BRAND_US_CALIFORNIA_SUMMER,Search 8801,99999,XYZ,United States,4107,43761,6870.07
2026-05-02,XYZ Brand Search Summer,GADS_XYZ_SEARCH_BRAND_US_CALIFORNIA_SUMMER,Search 8801,99999,XYZ,United States,4795,55353,9590.29
2026-05-03,XYZ Brand Search Summer,GADS_XYZ_SEARCH_BRAND_US_CALIFORNIA_SUMMER,Search 8801,99999,XYZ,United States,4813,52180,8846.7
2026-05-04,XYZ Brand Search Summer,GADS_XYZ_SEARCH_BRAND_US_CALIFORNIA_SUMMER,Search 8801,99999,XYZ,United States,3731,40569,6800.01
2026-05-05,XYZ Brand Search Summer,GADS_XYZ_SEARCH_BRAND_US_CALIFORNIA_SUMMER,Search 8801,99999,XYZ,United States,4469,44784,8938.93
2026-05-06,XYZ Brand Search Summer,GADS_XYZ_SEARCH_BRAND_US_CALIFORNIA_SUMMER,Search 8801,99999,XYZ,United States,3425,44549,6364.43
2026-05-07,XYZ Brand Search Summer,GADS_XYZ_SEARCH_BRAND_US_CALIFORNIA_SUMMER,Search 8801,99999,XYZ,United States,3534,46313,6113.97
2026-05-08,XYZ Brand Search Summer,GADS_XYZ_SEARCH_BRAND_US_CALIFORNIA_SUMMER,Search 8801,99999,XYZ,United States,4835,46625,9577.44
2026-05-09,XYZ Brand Search Summer,GADS_XYZ_SEARCH_BRAND_US_CALIFORNIA_SUMMER,Search 8801,99999,XYZ,United States,4941,54960,8939.42
2026-05-10,XYZ Brand Search Summer,GADS_XYZ_SEARCH_BRAND_US_CALIFORNIA_SUMMER,Search 8801,99999,XYZ,United States,3113,48828,5612.22
2026-05-11,XYZ Brand Search Summer,GADS_XYZ_SEARCH_BRAND_US_CALIFORNIA_SUMMER,Search 8801,99999,XYZ,United States,4136,46788,8150.18
2026-05-12,XYZ Brand Search Summer,GADS_XYZ_SEARCH_BRAND_US_CALIFORNIA_SUMMER,Search 8801,99999,XYZ,United States,3911,47394,6920.31
2026-05-13,XYZ Brand Search Summer,GADS_XYZ_SEARCH_BRAND_US_CALIFORNIA_SUMMER,Search 8801,99999,XYZ,United States,4851,47536,9871.72
2026-05-14,XYZ Brand Search Summer,GADS_XYZ_SEARCH_BRAND_US_CALIFORNIA_SUMMER,Search 8801,99999,XYZ,United States,2848,42292,5431.27
2026-05-15,XYZ Brand Search Summer,GADS_XYZ_SEARCH_BRAND_US_CALIFORNIA_SUMMER,Search 8801,99999,XYZ,United States,3922,50297,8021.28
2026-05-16,XYZ Brand Search Summer,GADS_XYZ_SEARCH_BRAND_US_CALIFORNIA_SUMMER,Search 8801,99999,XYZ,United States,4833,52339,8575.85
2026-05-17,XYZ Brand Search Summer,GADS_XYZ_SEARCH_BRAND_US_CALIFORNIA_SUMMER,Search 8801,99999,XYZ,United States,2772,42800,4944.27
2026-05-18,XYZ Brand Search Summer,GADS_XYZ_SEARCH_BRAND_US_CALIFORNIA_SUMMER,Search 8801,99999,XYZ,United States,4750,47570,8099.75
2026-05-19,XYZ Brand Search Summer,GADS_XYZ_SEARCH_BRAND_US_CALIFORNIA_SUMMER,Search 8801,99999,XYZ,United States,4210,46521,7412.39
2026-05-20,XYZ Brand Search Summer,GADS_XYZ_SEARCH_BRAND_US_CALIFORNIA_SUMMER,Search 8801,99999,XYZ,United States,4356,51393,7767.87
2026-05-21,XYZ Brand Search Summer,GADS_XYZ_SEARCH_BRAND_US_CALIFORNIA_SUMMER,Search 8801,99999,XYZ,United States,3243,50696,6532.83
2026-05-22,XYZ Brand Search Summer,GADS_XYZ_SEARCH_BRAND_US_CALIFORNIA_SUMMER,Search 8801,99999,XYZ,United States,3596,52666,6709.66
2026-05-23,XYZ Brand Search Summer,GADS_XYZ_SEARCH_BRAND_US_CALIFORNIA_SUMMER,Search 8801,99999,XYZ,United States,4429,42399,8451.37
2026-05-24,XYZ Brand Search Summer,GADS_XYZ_SEARCH_BRAND_US_CALIFORNIA_SUMMER,Search 8801,99999,XYZ,United States,2990,40227,6155.94
2026-05-25,XYZ Brand Search Summer,GADS_XYZ_SEARCH_BRAND_US_CALIFORNIA_SUMMER,Search 8801,99999,XYZ,United States,4621,47247,9133.02
2026-05-26,XYZ Brand Search Summer,GADS_XYZ_SEARCH_BRAND_US_CALIFORNIA_SUMMER,Search 8801,99999,XYZ,United States,5025,56430,10578.72
2026-05-27,XYZ Brand Search Summer,GADS_XYZ_SEARCH_BRAND_US_CALIFORNIA_SUMMER,Search 8801,99999,XYZ,United States,4917,54763,9833.95
2026-05-28,XYZ Brand Search Summer,GADS_XYZ_SEARCH_BRAND_US_CALIFORNIA_SUMMER,Search 8801,99999,XYZ,United States,4762,48082,9151.75
2026-05-29,XYZ Brand Search Summer,GADS_XYZ_SEARCH_BRAND_US_CALIFORNIA_SUMMER,Search 8801,99999,XYZ,United States,5231,54863,9878.49
2026-05-30,XYZ Brand Search Summer,GADS_XYZ_SEARCH_BRAND_US_CALIFORNIA_SUMMER,Search 8801,99999,XYZ,United States,3255,43838,6388.83
2026-05-31,XYZ Brand Search Summer,GADS_XYZ_SEARCH_BRAND_US_CALIFORNIA_SUMMER,Search 8801,99999,XYZ,United States,4518,52593,8845.33
2026-06-01,XYZ Brand Search Summer,GADS_XYZ_SEARCH_BRAND_US_CALIFORNIA_SUMMER,Search 8801,99999,XYZ,United States,2956,44105,5327.58
2026-06-02,XYZ Brand Search Summer,GADS_XYZ_SEARCH_BRAND_US_CALIFORNIA_SUMMER,Search 8801,99999,XYZ,United States,3407,44055,6535.68
2026-06-03,XYZ Brand Search Summer,GADS_XYZ_SEARCH_BRAND_US_CALIFORNIA_SUMMER,Search 8801,99999,XYZ,United States,3071,41751,6106.5
2026-06-04,XYZ Brand Search Summer,GADS_XYZ_SEARCH_BRAND_US_CALIFORNIA_SUMMER,Search 8801,99999,XYZ,United States,3428,51566,6368.76
2026-06-05,XYZ Brand Search Summer,GADS_XYZ_SEARCH_BRAND_US_CALIFORNIA_SUMMER,Search 8801,99999,XYZ,United States,3968,48736,7008.74
2026-06-06,XYZ Brand Search Summer,GADS_XYZ_SEARCH_BRAND_US_CALIFORNIA_SUMMER,Search 8801,99999,XYZ,United States,4764,46620,9234.25
2026-06-07,XYZ Brand Search Summer,GADS_XYZ_SEARCH_BRAND_US_CALIFORNIA_SUMMER,Search 8801,99999,XYZ,United States,5146,51378,10400.64
2026-06-08,XYZ Brand Search Summer,GADS_XYZ_SEARCH_BRAND_US_CALIFORNIA_SUMMER,Search 8801,99999,XYZ,United States,2939,45932,5385.43
2026-06-09,XYZ Brand Search Summer,GADS_XYZ_SEARCH_BRAND_US_CALIFORNIA_SUMMER,Search 8801,99999,XYZ,United States,5239,52380,11037.34
2026-06-10,XYZ Brand Search Summer,GADS_XYZ_SEARCH_BRAND_US_CALIFORNIA_SUMMER,Search 8801,99999,XYZ,United States,4451,46600,8550.53
2026-06-11,XYZ Brand Search Summer,GADS_XYZ_SEARCH_BRAND_US_CALIFORNIA_SUMMER,Search 8801,99999,XYZ,United States,3640,49784,6450.28
2026-06-12,XYZ Brand Search Summer,GADS_XYZ_SEARCH_BRAND_US_CALIFORNIA_SUMMER,Search 8801,99999,XYZ,United States,3047,46891,5561.61
2026-06-13,XYZ Brand Search Summer,GADS_XYZ_SEARCH_BRAND_US_CALIFORNIA_SUMMER,Search 8801,99999,XYZ,United States,4135,51095,7224.92
2026-06-14,XYZ Brand Search Summer,GADS_XYZ_SEARCH_BRAND_US_CALIFORNIA_SUMMER,Search 8801,99999,XYZ,United States,3281,47436,6416.81
2026-06-15,XYZ Brand Search Summer,GADS_XYZ_SEARCH_BRAND_US_CALIFORNIA_SUMMER,Search 8801,99999,XYZ,United States,3205,39825,6183.61
2026-06-16,XYZ Brand Search Summer,GADS_XYZ_SEARCH_BRAND_US_CALIFORNIA_SUMMER,Search 8801,99999,XYZ,United States,3627,39828,6288.78
2026-06-17,XYZ Brand Search Summer,GADS_XYZ_SEARCH_BRAND_US_CALIFORNIA_SUMMER,Search 8801,99999,XYZ,United States,3118,47338,5752.31
2026-06-18,XYZ Brand Search Summer,GADS_XYZ_SEARCH_BRAND_US_CALIFORNIA_SUMMER,Search 8801,99999,XYZ,United States,3339,43017,6741.84
2026-06-19,XYZ Brand Search Summer,GADS_XYZ_SEARCH_BRAND_US_CALIFORNIA_SUMMER,Search 8801,99999,XYZ,United States,4394,45911,9013.66
2026-06-20,XYZ Brand Search Summer,GADS_XYZ_SEARCH_BRAND_US_CALIFORNIA_SUMMER,Search 8801,99999,XYZ,United States,2939,43719,4939.99
2026-06-21,XYZ Brand Search Summer,GADS_XYZ_SEARCH_BRAND_US_CALIFORNIA_SUMMER,Search 8801,99999,XYZ,United States,5172,48681,9472.94
2026-06-22,XYZ Brand Search Summer,GADS_XYZ_SEARCH_BRAND_US_CALIFORNIA_SUMMER,Search 8801,99999,XYZ,United States,4905,50594,9658.93
2026-06-23,XYZ Brand Search Summer,GADS_XYZ_SEARCH_BRAND_US_CALIFORNIA_SUMMER,Search 8801,99999,XYZ,United States,5454,52393,9614.9
2026-06-24,XYZ Brand Search Summer,GADS_XYZ_SEARCH_BRAND_US_CALIFORNIA_SUMMER,Search 8801,99999,XYZ,United States,2788,39712,4822.0
2026-06-25,XYZ Brand Search Summer,GADS_XYZ_SEARCH_BRAND_US_CALIFORNIA_SUMMER,Search 8801,99999,XYZ,United States,4467,50928,7912.81
2026-06-26,XYZ Brand Search Summer,GADS_XYZ_SEARCH_BRAND_US_CALIFORNIA_SUMMER,Search 8801,99999,XYZ,United States,4956,51446,8665.62
2026-06-27,XYZ Brand Search Summer,GADS_XYZ_SEARCH_BRAND_US_CALIFORNIA_SUMMER,Search 8801,99999,XYZ,United States,4762,49853,8210.77
2026-06-28,XYZ Brand Search Summer,GADS_XYZ_SEARCH_BRAND_US_CALIFORNIA_SUMMER,Search 8801,99999,XYZ,United States,5605,53517,9647.85
2026-06-29,XYZ Brand Search Summer,GADS_XYZ_SEARCH_BRAND_US_CALIFORNIA_SUMMER,Search 8801,99999,XYZ,United States,3065,39803,6071.37
2026-06-30,XYZ Brand Search Summer,GADS_XYZ_SEARCH_BRAND_US_CALIFORNIA_SUMMER,Search 8801,99999,XYZ,United States,4507,55917,9005.2
2026-05-01,Summer Fashion Generic Search,GADS_XYZ_SEARCH_GENERIC_US_NEWYORK_SUMMER,Search 8802,99999,XYZ,United States,2806,61009,6940.06
2026-05-02,Summer Fashion Generic Search,GADS_XYZ_SEARCH_GENERIC_US_NEWYORK_SUMMER,Search 8802,99999,XYZ,United States,2943,61681,7657.01
2026-05-03,Summer Fashion Generic Search,GADS_XYZ_SEARCH_GENERIC_US_NEWYORK_SUMMER,Search 8802,99999,XYZ,United States,2539,74602,6801.2
2026-05-04,Summer Fashion Generic Search,GADS_XYZ_SEARCH_GENERIC_US_NEWYORK_SUMMER,Search 8802,99999,XYZ,United States,3077,79325,7257.86
2026-05-05,Summer Fashion Generic Search,GADS_XYZ_SEARCH_GENERIC_US_NEWYORK_SUMMER,Search 8802,99999,XYZ,United States,2891,68645,6674.02
2026-05-06,Summer Fashion Generic Search,GADS_XYZ_SEARCH_GENERIC_US_NEWYORK_SUMMER,Search 8802,99999,XYZ,United States,3953,81061,8589.04
2026-05-07,Summer Fashion Generic Search,GADS_XYZ_SEARCH_GENERIC_US_NEWYORK_SUMMER,Search 8802,99999,XYZ,United States,3764,83943,9746.26
2026-05-08,Summer Fashion Generic Search,GADS_XYZ_SEARCH_GENERIC_US_NEWYORK_SUMMER,Search 8802,99999,XYZ,United States,3144,77373,7968.99
2026-05-09,Summer Fashion Generic Search,GADS_XYZ_SEARCH_GENERIC_US_NEWYORK_SUMMER,Search 8802,99999,XYZ,United States,3124,84065,8052.18
2026-05-10,Summer Fashion Generic Search,GADS_XYZ_SEARCH_GENERIC_US_NEWYORK_SUMMER,Search 8802,99999,XYZ,United States,3040,72989,7183.19
2026-05-11,Summer Fashion Generic Search,GADS_XYZ_SEARCH_GENERIC_US_NEWYORK_SUMMER,Search 8802,99999,XYZ,United States,2896,77988,7537.09
2026-05-12,Summer Fashion Generic Search,GADS_XYZ_SEARCH_GENERIC_US_NEWYORK_SUMMER,Search 8802,99999,XYZ,United States,2684,80572,7031.6
2026-05-13,Summer Fashion Generic Search,GADS_XYZ_SEARCH_GENERIC_US_NEWYORK_SUMMER,Search 8802,99999,XYZ,United States,2696,65360,6641.73
2026-05-14,Summer Fashion Generic Search,GADS_XYZ_SEARCH_GENERIC_US_NEWYORK_SUMMER,Search 8802,99999,XYZ,United States,2210,68863,5750.75
2026-05-15,Summer Fashion Generic Search,GADS_XYZ_SEARCH_GENERIC_US_NEWYORK_SUMMER,Search 8802,99999,XYZ,United States,2292,63753,5894.0
2026-05-16,Summer Fashion Generic Search,GADS_XYZ_SEARCH_GENERIC_US_NEWYORK_SUMMER,Search 8802,99999,XYZ,United States,3392,67861,8533.87
2026-05-17,Summer Fashion Generic Search,GADS_XYZ_SEARCH_GENERIC_US_NEWYORK_SUMMER,Search 8802,99999,XYZ,United States,2099,66200,5579.32
2026-05-18,Summer Fashion Generic Search,GADS_XYZ_SEARCH_GENERIC_US_NEWYORK_SUMMER,Search 8802,99999,XYZ,United States,2855,61259,6833.22
2026-05-19,Summer Fashion Generic Search,GADS_XYZ_SEARCH_GENERIC_US_NEWYORK_SUMMER,Search 8802,99999,XYZ,United States,3620,78691,8992.23
2026-05-20,Summer Fashion Generic Search,GADS_XYZ_SEARCH_GENERIC_US_NEWYORK_SUMMER,Search 8802,99999,XYZ,United States,3455,71762,7482.14
2026-05-21,Summer Fashion Generic Search,GADS_XYZ_SEARCH_GENERIC_US_NEWYORK_SUMMER,Search 8802,99999,XYZ,United States,2981,64783,6821.64
2026-05-22,Summer Fashion Generic Search,GADS_XYZ_SEARCH_GENERIC_US_NEWYORK_SUMMER,Search 8802,99999,XYZ,United States,3071,74113,7425.1
2026-05-23,Summer Fashion Generic Search,GADS_XYZ_SEARCH_GENERIC_US_NEWYORK_SUMMER,Search 8802,99999,XYZ,United States,3304,70069,7607.58
2026-05-24,Summer Fashion Generic Search,GADS_XYZ_SEARCH_GENERIC_US_NEWYORK_SUMMER,Search 8802,99999,XYZ,United States,2873,77258,6483.81
2026-05-25,Summer Fashion Generic Search,GADS_XYZ_SEARCH_GENERIC_US_NEWYORK_SUMMER,Search 8802,99999,XYZ,United States,2209,62167,4817.53
2026-05-26,Summer Fashion Generic Search,GADS_XYZ_SEARCH_GENERIC_US_NEWYORK_SUMMER,Search 8802,99999,XYZ,United States,3464,72929,7685.39
2026-05-27,Summer Fashion Generic Search,GADS_XYZ_SEARCH_GENERIC_US_NEWYORK_SUMMER,Search 8802,99999,XYZ,United States,2693,64648,6811.57
2026-05-28,Summer Fashion Generic Search,GADS_XYZ_SEARCH_GENERIC_US_NEWYORK_SUMMER,Search 8802,99999,XYZ,United States,3586,84353,8158.18
2026-05-29,Summer Fashion Generic Search,GADS_XYZ_SEARCH_GENERIC_US_NEWYORK_SUMMER,Search 8802,99999,XYZ,United States,2193,61645,4918.97
2026-05-30,Summer Fashion Generic Search,GADS_XYZ_SEARCH_GENERIC_US_NEWYORK_SUMMER,Search 8802,99999,XYZ,United States,2025,63691,4899.82
2026-05-31,Summer Fashion Generic Search,GADS_XYZ_SEARCH_GENERIC_US_NEWYORK_SUMMER,Search 8802,99999,XYZ,United States,3437,66150,8354.44
2026-06-01,Summer Fashion Generic Search,GADS_XYZ_SEARCH_GENERIC_US_NEWYORK_SUMMER,Search 8802,99999,XYZ,United States,2633,77117,6878.01
2026-06-02,Summer Fashion Generic Search,GADS_XYZ_SEARCH_GENERIC_US_NEWYORK_SUMMER,Search 8802,99999,XYZ,United States,3575,71763,8732.51
2026-06-03,Summer Fashion Generic Search,GADS_XYZ_SEARCH_GENERIC_US_NEWYORK_SUMMER,Search 8802,99999,XYZ,United States,2901,71206,6434.98
2026-06-04,Summer Fashion Generic Search,GADS_XYZ_SEARCH_GENERIC_US_NEWYORK_SUMMER,Search 8802,99999,XYZ,United States,3094,60371,7385.91
2026-06-05,Summer Fashion Generic Search,GADS_XYZ_SEARCH_GENERIC_US_NEWYORK_SUMMER,Search 8802,99999,XYZ,United States,3207,80349,6910.03
2026-06-06,Summer Fashion Generic Search,GADS_XYZ_SEARCH_GENERIC_US_NEWYORK_SUMMER,Search 8802,99999,XYZ,United States,2458,75355,5402.53
2026-06-07,Summer Fashion Generic Search,GADS_XYZ_SEARCH_GENERIC_US_NEWYORK_SUMMER,Search 8802,99999,XYZ,United States,2789,73628,7487.06
2026-06-08,Summer Fashion Generic Search,GADS_XYZ_SEARCH_GENERIC_US_NEWYORK_SUMMER,Search 8802,99999,XYZ,United States,2953,62110,7268.04
2026-06-09,Summer Fashion Generic Search,GADS_XYZ_SEARCH_GENERIC_US_NEWYORK_SUMMER,Search 8802,99999,XYZ,United States,2882,79536,6954.27
2026-06-10,Summer Fashion Generic Search,GADS_XYZ_SEARCH_GENERIC_US_NEWYORK_SUMMER,Search 8802,99999,XYZ,United States,2885,70717,7522.51
2026-06-11,Summer Fashion Generic Search,GADS_XYZ_SEARCH_GENERIC_US_NEWYORK_SUMMER,Search 8802,99999,XYZ,United States,3211,84701,7930.24
2026-06-12,Summer Fashion Generic Search,GADS_XYZ_SEARCH_GENERIC_US_NEWYORK_SUMMER,Search 8802,99999,XYZ,United States,3520,74841,9355.5
2026-06-13,Summer Fashion Generic Search,GADS_XYZ_SEARCH_GENERIC_US_NEWYORK_SUMMER,Search 8802,99999,XYZ,United States,2314,64425,5767.43
2026-06-14,Summer Fashion Generic Search,GADS_XYZ_SEARCH_GENERIC_US_NEWYORK_SUMMER,Search 8802,99999,XYZ,United States,2218,63110,4780.32
2026-06-15,Summer Fashion Generic Search,GADS_XYZ_SEARCH_GENERIC_US_NEWYORK_SUMMER,Search 8802,99999,XYZ,United States,2421,59109,5941.22
2026-06-16,Summer Fashion Generic Search,GADS_XYZ_SEARCH_GENERIC_US_NEWYORK_SUMMER,Search 8802,99999,XYZ,United States,2421,66589,6099.0
2026-06-17,Summer Fashion Generic Search,GADS_XYZ_SEARCH_GENERIC_US_NEWYORK_SUMMER,Search 8802,99999,XYZ,United States,3170,77261,7950.15
2026-06-18,Summer Fashion Generic Search,GADS_XYZ_SEARCH_GENERIC_US_NEWYORK_SUMMER,Search 8802,99999,XYZ,United States,3987,82987,9856.0
2026-06-19,Summer Fashion Generic Search,GADS_XYZ_SEARCH_GENERIC_US_NEWYORK_SUMMER,Search 8802,99999,XYZ,United States,3893,76177,9175.33
2026-06-20,Summer Fashion Generic Search,GADS_XYZ_SEARCH_GENERIC_US_NEWYORK_SUMMER,Search 8802,99999,XYZ,United States,3299,73155,8693.67
2026-06-21,Summer Fashion Generic Search,GADS_XYZ_SEARCH_GENERIC_US_NEWYORK_SUMMER,Search 8802,99999,XYZ,United States,2655,80466,5861.1
2026-06-22,Summer Fashion Generic Search,GADS_XYZ_SEARCH_GENERIC_US_NEWYORK_SUMMER,Search 8802,99999,XYZ,United States,3164,67013,7719.73
2026-06-23,Summer Fashion Generic Search,GADS_XYZ_SEARCH_GENERIC_US_NEWYORK_SUMMER,Search 8802,99999,XYZ,United States,2269,66520,5692.19
2026-06-24,Summer Fashion Generic Search,GADS_XYZ_SEARCH_GENERIC_US_NEWYORK_SUMMER,Search 8802,99999,XYZ,United States,3958,77177,9500.28
2026-06-25,Summer Fashion Generic Search,GADS_XYZ_SEARCH_GENERIC_US_NEWYORK_SUMMER,Search 8802,99999,XYZ,United States,2384,71839,5089.74
2026-06-26,Summer Fashion Generic Search,GADS_XYZ_SEARCH_GENERIC_US_NEWYORK_SUMMER,Search 8802,99999,XYZ,United States,2687,70238,6062.44
2026-06-27,Summer Fashion Generic Search,GADS_XYZ_SEARCH_GENERIC_US_NEWYORK_SUMMER,Search 8802,99999,XYZ,United States,3174,61407,8231.81
2026-06-28,Summer Fashion Generic Search,GADS_XYZ_SEARCH_GENERIC_US_NEWYORK_SUMMER,Search 8802,99999,XYZ,United States,3805,73949,10226.9
2026-06-29,Summer Fashion Generic Search,GADS_XYZ_SEARCH_GENERIC_US_NEWYORK_SUMMER,Search 8802,99999,XYZ,United States,2841,76465,6066.03
2026-06-30,Summer Fashion Generic Search,GADS_XYZ_SEARCH_GENERIC_US_NEWYORK_SUMMER,Search 8802,99999,XYZ,United States,3254,78642,8093.57
2026-05-01,PMax Summer Looks,GADS_FOREVER21_PMAX_CONVERSION_US_CALIFORNIA_SUMMER,PMax 4410,99999,XYZ,United States,2784,183965,3835.37
2026-05-02,PMax Summer Looks,GADS_FOREVER21_PMAX_CONVERSION_US_CALIFORNIA_SUMMER,PMax 4410,99999,XYZ,United States,3007,167763,3661.21
2026-05-03,PMax Summer Looks,GADS_FOREVER21_PMAX_CONVERSION_US_CALIFORNIA_SUMMER,PMax 4410,99999,XYZ,United States,2495,151242,3505.78
2026-05-04,PMax Summer Looks,GADS_FOREVER21_PMAX_CONVERSION_US_CALIFORNIA_SUMMER,PMax 4410,99999,XYZ,United States,2974,180605,4201.52
2026-05-05,PMax Summer Looks,GADS_FOREVER21_PMAX_CONVERSION_US_CALIFORNIA_SUMMER,PMax 4410,99999,XYZ,United States,3252,147801,4720.59
2026-05-06,PMax Summer Looks,GADS_FOREVER21_PMAX_CONVERSION_US_CALIFORNIA_SUMMER,PMax 4410,99999,XYZ,United States,2865,162885,3695.57
2026-05-07,PMax Summer Looks,GADS_FOREVER21_PMAX_CONVERSION_US_CALIFORNIA_SUMMER,PMax 4410,99999,XYZ,United States,3330,149820,4392.11
2026-05-08,PMax Summer Looks,GADS_FOREVER21_PMAX_CONVERSION_US_CALIFORNIA_SUMMER,PMax 4410,99999,XYZ,United States,3601,160840,5045.3
2026-05-09,PMax Summer Looks,GADS_FOREVER21_PMAX_CONVERSION_US_CALIFORNIA_SUMMER,PMax 4410,99999,XYZ,United States,2797,162453,3492.83
2026-05-10,PMax Summer Looks,GADS_FOREVER21_PMAX_CONVERSION_US_CALIFORNIA_SUMMER,PMax 4410,99999,XYZ,United States,3087,152038,4292.88
2026-05-11,PMax Summer Looks,GADS_FOREVER21_PMAX_CONVERSION_US_CALIFORNIA_SUMMER,PMax 4410,99999,XYZ,United States,2682,174975,3663.47
2026-05-12,PMax Summer Looks,GADS_FOREVER21_PMAX_CONVERSION_US_CALIFORNIA_SUMMER,PMax 4410,99999,XYZ,United States,3220,184633,4553.83
2026-05-13,PMax Summer Looks,GADS_FOREVER21_PMAX_CONVERSION_US_CALIFORNIA_SUMMER,PMax 4410,99999,XYZ,United States,3075,138194,4259.72
2026-05-14,PMax Summer Looks,GADS_FOREVER21_PMAX_CONVERSION_US_CALIFORNIA_SUMMER,PMax 4410,99999,XYZ,United States,2163,144983,2955.68
2026-05-15,PMax Summer Looks,GADS_FOREVER21_PMAX_CONVERSION_US_CALIFORNIA_SUMMER,PMax 4410,99999,XYZ,United States,2337,163009,3527.68
2026-05-16,PMax Summer Looks,GADS_FOREVER21_PMAX_CONVERSION_US_CALIFORNIA_SUMMER,PMax 4410,99999,XYZ,United States,3244,183784,3977.34
2026-05-17,PMax Summer Looks,GADS_FOREVER21_PMAX_CONVERSION_US_CALIFORNIA_SUMMER,PMax 4410,99999,XYZ,United States,3221,179131,4574.4
2026-05-18,PMax Summer Looks,GADS_FOREVER21_PMAX_CONVERSION_US_CALIFORNIA_SUMMER,PMax 4410,99999,XYZ,United States,2561,160511,3735.09
2026-05-19,PMax Summer Looks,GADS_FOREVER21_PMAX_CONVERSION_US_CALIFORNIA_SUMMER,PMax 4410,99999,XYZ,United States,2945,187662,4024.67
2026-05-20,PMax Summer Looks,GADS_FOREVER21_PMAX_CONVERSION_US_CALIFORNIA_SUMMER,PMax 4410,99999,XYZ,United States,3341,153294,4519.27
2026-05-21,PMax Summer Looks,GADS_FOREVER21_PMAX_CONVERSION_US_CALIFORNIA_SUMMER,PMax 4410,99999,XYZ,United States,3869,181849,4942.66
2026-05-22,PMax Summer Looks,GADS_FOREVER21_PMAX_CONVERSION_US_CALIFORNIA_SUMMER,PMax 4410,99999,XYZ,United States,3045,176704,4539.17
2026-05-23,PMax Summer Looks,GADS_FOREVER21_PMAX_CONVERSION_US_CALIFORNIA_SUMMER,PMax 4410,99999,XYZ,United States,3350,160445,4286.79
2026-05-24,PMax Summer Looks,GADS_FOREVER21_PMAX_CONVERSION_US_CALIFORNIA_SUMMER,PMax 4410,99999,XYZ,United States,2787,148396,4212.95
2026-05-25,PMax Summer Looks,GADS_FOREVER21_PMAX_CONVERSION_US_CALIFORNIA_SUMMER,PMax 4410,99999,XYZ,United States,2365,159403,3222.31
2026-05-26,PMax Summer Looks,GADS_FOREVER21_PMAX_CONVERSION_US_CALIFORNIA_SUMMER,PMax 4410,99999,XYZ,United States,2790,151079,3805.76
2026-05-27,PMax Summer Looks,GADS_FOREVER21_PMAX_CONVERSION_US_CALIFORNIA_SUMMER,PMax 4410,99999,XYZ,United States,2581,157427,3223.99
2026-05-28,PMax Summer Looks,GADS_FOREVER21_PMAX_CONVERSION_US_CALIFORNIA_SUMMER,PMax 4410,99999,XYZ,United States,3195,171375,4037.44
2026-05-29,PMax Summer Looks,GADS_FOREVER21_PMAX_CONVERSION_US_CALIFORNIA_SUMMER,PMax 4410,99999,XYZ,United States,2443,175871,3491.74
2026-05-30,PMax Summer Looks,GADS_FOREVER21_PMAX_CONVERSION_US_CALIFORNIA_SUMMER,PMax 4410,99999,XYZ,United States,3574,171821,4692.98
2026-05-31,PMax Summer Looks,GADS_FOREVER21_PMAX_CONVERSION_US_CALIFORNIA_SUMMER,PMax 4410,99999,XYZ,United States,3538,169428,5327.47
2026-06-01,PMax Summer Looks,GADS_FOREVER21_PMAX_CONVERSION_US_CALIFORNIA_SUMMER,PMax 4410,99999,XYZ,United States,2209,159730,2983.79
2026-06-02,PMax Summer Looks,GADS_FOREVER21_PMAX_CONVERSION_US_CALIFORNIA_SUMMER,PMax 4410,99999,XYZ,United States,3523,165194,5183.17
2026-06-03,PMax Summer Looks,GADS_FOREVER21_PMAX_CONVERSION_US_CALIFORNIA_SUMMER,PMax 4410,99999,XYZ,United States,2854,156561,3813.07
2026-06-04,PMax Summer Looks,GADS_FOREVER21_PMAX_CONVERSION_US_CALIFORNIA_SUMMER,PMax 4410,99999,XYZ,United States,2970,172812,4158.44
2026-06-05,PMax Summer Looks,GADS_FOREVER21_PMAX_CONVERSION_US_CALIFORNIA_SUMMER,PMax 4410,99999,XYZ,United States,2483,140091,3729.52
2026-06-06,PMax Summer Looks,GADS_FOREVER21_PMAX_CONVERSION_US_CALIFORNIA_SUMMER,PMax 4410,99999,XYZ,United States,2973,150701,4157.88
2026-06-07,PMax Summer Looks,GADS_FOREVER21_PMAX_CONVERSION_US_CALIFORNIA_SUMMER,PMax 4410,99999,XYZ,United States,3816,180261,5595.88
2026-06-08,PMax Summer Looks,GADS_FOREVER21_PMAX_CONVERSION_US_CALIFORNIA_SUMMER,PMax 4410,99999,XYZ,United States,2502,153088,3555.0
2026-06-09,PMax Summer Looks,GADS_FOREVER21_PMAX_CONVERSION_US_CALIFORNIA_SUMMER,PMax 4410,99999,XYZ,United States,3735,174941,4480.62
2026-06-10,PMax Summer Looks,GADS_FOREVER21_PMAX_CONVERSION_US_CALIFORNIA_SUMMER,PMax 4410,99999,XYZ,United States,2592,135141,3852.7
2026-06-11,PMax Summer Looks,GADS_FOREVER21_PMAX_CONVERSION_US_CALIFORNIA_SUMMER,PMax 4410,99999,XYZ,United States,3814,188651,5067.31
2026-06-12,PMax Summer Looks,GADS_FOREVER21_PMAX_CONVERSION_US_CALIFORNIA_SUMMER,PMax 4410,99999,XYZ,United States,2628,136870,3865.04
2026-06-13,PMax Summer Looks,GADS_FOREVER21_PMAX_CONVERSION_US_CALIFORNIA_SUMMER,PMax 4410,99999,XYZ,United States,3095,156755,4582.8
2026-06-14,PMax Summer Looks,GADS_FOREVER21_PMAX_CONVERSION_US_CALIFORNIA_SUMMER,PMax 4410,99999,XYZ,United States,2766,133849,3548.92
2026-06-15,PMax Summer Looks,GADS_FOREVER21_PMAX_CONVERSION_US_CALIFORNIA_SUMMER,PMax 4410,99999,XYZ,United States,2262,152790,3076.54
2026-06-16,PMax Summer Looks,GADS_FOREVER21_PMAX_CONVERSION_US_CALIFORNIA_SUMMER,PMax 4410,99999,XYZ,United States,3379,163797,4200.35
2026-06-17,PMax Summer Looks,GADS_FOREVER21_PMAX_CONVERSION_US_CALIFORNIA_SUMMER,PMax 4410,99999,XYZ,United States,2896,135748,4021.92
2026-06-18,PMax Summer Looks,GADS_FOREVER21_PMAX_CONVERSION_US_CALIFORNIA_SUMMER,PMax 4410,99999,XYZ,United States,3150,145071,3888.27
2026-06-19,PMax Summer Looks,GADS_FOREVER21_PMAX_CONVERSION_US_CALIFORNIA_SUMMER,PMax 4410,99999,XYZ,United States,2490,157762,3164.11
2026-06-20,PMax Summer Looks,GADS_FOREVER21_PMAX_CONVERSION_US_CALIFORNIA_SUMMER,PMax 4410,99999,XYZ,United States,2732,131741,4043.34
2026-06-21,PMax Summer Looks,GADS_FOREVER21_PMAX_CONVERSION_US_CALIFORNIA_SUMMER,PMax 4410,99999,XYZ,United States,2540,170230,3381.05
2026-06-22,PMax Summer Looks,GADS_FOREVER21_PMAX_CONVERSION_US_CALIFORNIA_SUMMER,PMax 4410,99999,XYZ,United States,2838,151104,3959.06
2026-06-23,PMax Summer Looks,GADS_FOREVER21_PMAX_CONVERSION_US_CALIFORNIA_SUMMER,PMax 4410,99999,XYZ,United States,2451,155640,3583.06
2026-06-24,PMax Summer Looks,GADS_FOREVER21_PMAX_CONVERSION_US_CALIFORNIA_SUMMER,PMax 4410,99999,XYZ,United States,2420,142674,3253.83
2026-06-25,PMax Summer Looks,GADS_FOREVER21_PMAX_CONVERSION_US_CALIFORNIA_SUMMER,PMax 4410,99999,XYZ,United States,2701,144863,3711.82
2026-06-26,PMax Summer Looks,GADS_FOREVER21_PMAX_CONVERSION_US_CALIFORNIA_SUMMER,PMax 4410,99999,XYZ,United States,3043,188379,4579.27
2026-06-27,PMax Summer Looks,GADS_FOREVER21_PMAX_CONVERSION_US_CALIFORNIA_SUMMER,PMax 4410,99999,XYZ,United States,2700,169114,3702.67
2026-06-28,PMax Summer Looks,GADS_FOREVER21_PMAX_CONVERSION_US_CALIFORNIA_SUMMER,PMax 4410,99999,XYZ,United States,3448,170702,4151.01
2026-06-29,PMax Summer Looks,GADS_FOREVER21_PMAX_CONVERSION_US_CALIFORNIA_SUMMER,PMax 4410,99999,XYZ,United States,2985,166129,4420.62
2026-06-30,PMax Summer Looks,GADS_FOREVER21_PMAX_CONVERSION_US_CALIFORNIA_SUMMER,PMax 4410,99999,XYZ,United States,3055,147684,4230.23
2026-05-01,Summer Video Prospecting,GADS_XYZ_VIDEO_AWARENESS_US_TEXAS_SUMMER,Video 7788,99999,XYZ,United States,1003,293519,567.66
2026-05-02,Summer Video Prospecting,GADS_XYZ_VIDEO_AWARENESS_US_TEXAS_SUMMER,Video 7788,99999,XYZ,United States,1172,329838,669.23
2026-05-03,Summer Video Prospecting,GADS_XYZ_VIDEO_AWARENESS_US_TEXAS_SUMMER,Video 7788,99999,XYZ,United States,1184,347758,714.25
2026-05-04,Summer Video Prospecting,GADS_XYZ_VIDEO_AWARENESS_US_TEXAS_SUMMER,Video 7788,99999,XYZ,United States,944,326331,511.83
2026-05-05,Summer Video Prospecting,GADS_XYZ_VIDEO_AWARENESS_US_TEXAS_SUMMER,Video 7788,99999,XYZ,United States,1138,318880,564.33
2026-05-06,Summer Video Prospecting,GADS_XYZ_VIDEO_AWARENESS_US_TEXAS_SUMMER,Video 7788,99999,XYZ,United States,1032,287134,523.41
2026-05-07,Summer Video Prospecting,GADS_XYZ_VIDEO_AWARENESS_US_TEXAS_SUMMER,Video 7788,99999,XYZ,United States,877,268949,536.93
2026-05-08,Summer Video Prospecting,GADS_XYZ_VIDEO_AWARENESS_US_TEXAS_SUMMER,Video 7788,99999,XYZ,United States,1210,313443,718.28
2026-05-09,Summer Video Prospecting,GADS_XYZ_VIDEO_AWARENESS_US_TEXAS_SUMMER,Video 7788,99999,XYZ,United States,1052,282877,576.08
2026-05-10,Summer Video Prospecting,GADS_XYZ_VIDEO_AWARENESS_US_TEXAS_SUMMER,Video 7788,99999,XYZ,United States,1237,344204,654.01
2026-05-11,Summer Video Prospecting,GADS_XYZ_VIDEO_AWARENESS_US_TEXAS_SUMMER,Video 7788,99999,XYZ,United States,1052,267052,528.71
2026-05-12,Summer Video Prospecting,GADS_XYZ_VIDEO_AWARENESS_US_TEXAS_SUMMER,Video 7788,99999,XYZ,United States,1367,362061,792.31
2026-05-13,Summer Video Prospecting,GADS_XYZ_VIDEO_AWARENESS_US_TEXAS_SUMMER,Video 7788,99999,XYZ,United States,1435,363561,846.94
2026-05-14,Summer Video Prospecting,GADS_XYZ_VIDEO_AWARENESS_US_TEXAS_SUMMER,Video 7788,99999,XYZ,United States,1081,295020,525.19
2026-05-15,Summer Video Prospecting,GADS_XYZ_VIDEO_AWARENESS_US_TEXAS_SUMMER,Video 7788,99999,XYZ,United States,982,314081,562.5
2026-05-16,Summer Video Prospecting,GADS_XYZ_VIDEO_AWARENESS_US_TEXAS_SUMMER,Video 7788,99999,XYZ,United States,1098,329233,650.63
2026-05-17,Summer Video Prospecting,GADS_XYZ_VIDEO_AWARENESS_US_TEXAS_SUMMER,Video 7788,99999,XYZ,United States,924,359136,475.73
2026-05-18,Summer Video Prospecting,GADS_XYZ_VIDEO_AWARENESS_US_TEXAS_SUMMER,Video 7788,99999,XYZ,United States,980,256992,546.94
2026-05-19,Summer Video Prospecting,GADS_XYZ_VIDEO_AWARENESS_US_TEXAS_SUMMER,Video 7788,99999,XYZ,United States,981,356342,482.99
2026-05-20,Summer Video Prospecting,GADS_XYZ_VIDEO_AWARENESS_US_TEXAS_SUMMER,Video 7788,99999,XYZ,United States,1334,346142,698.87
2026-05-21,Summer Video Prospecting,GADS_XYZ_VIDEO_AWARENESS_US_TEXAS_SUMMER,Video 7788,99999,XYZ,United States,786,299765,478.6
2026-05-22,Summer Video Prospecting,GADS_XYZ_VIDEO_AWARENESS_US_TEXAS_SUMMER,Video 7788,99999,XYZ,United States,918,288167,456.09
2026-05-23,Summer Video Prospecting,GADS_XYZ_VIDEO_AWARENESS_US_TEXAS_SUMMER,Video 7788,99999,XYZ,United States,924,353218,502.55
2026-05-24,Summer Video Prospecting,GADS_XYZ_VIDEO_AWARENESS_US_TEXAS_SUMMER,Video 7788,99999,XYZ,United States,1180,329026,718.46
2026-05-25,Summer Video Prospecting,GADS_XYZ_VIDEO_AWARENESS_US_TEXAS_SUMMER,Video 7788,99999,XYZ,United States,1079,300974,544.24
2026-05-26,Summer Video Prospecting,GADS_XYZ_VIDEO_AWARENESS_US_TEXAS_SUMMER,Video 7788,99999,XYZ,United States,768,300501,421.32
2026-05-27,Summer Video Prospecting,GADS_XYZ_VIDEO_AWARENESS_US_TEXAS_SUMMER,Video 7788,99999,XYZ,United States,1175,299745,573.77
2026-05-28,Summer Video Prospecting,GADS_XYZ_VIDEO_AWARENESS_US_TEXAS_SUMMER,Video 7788,99999,XYZ,United States,918,295551,559.5
2026-05-29,Summer Video Prospecting,GADS_XYZ_VIDEO_AWARENESS_US_TEXAS_SUMMER,Video 7788,99999,XYZ,United States,894,349668,513.61
2026-05-30,Summer Video Prospecting,GADS_XYZ_VIDEO_AWARENESS_US_TEXAS_SUMMER,Video 7788,99999,XYZ,United States,1248,314962,663.12
2026-05-31,Summer Video Prospecting,GADS_XYZ_VIDEO_AWARENESS_US_TEXAS_SUMMER,Video 7788,99999,XYZ,United States,807,298632,403.6
2026-06-01,Summer Video Prospecting,GADS_XYZ_VIDEO_AWARENESS_US_TEXAS_SUMMER,Video 7788,99999,XYZ,United States,1091,348840,623.49
2026-06-02,Summer Video Prospecting,GADS_XYZ_VIDEO_AWARENESS_US_TEXAS_SUMMER,Video 7788,99999,XYZ,United States,1093,325814,532.09
2026-06-03,Summer Video Prospecting,GADS_XYZ_VIDEO_AWARENESS_US_TEXAS_SUMMER,Video 7788,99999,XYZ,United States,954,342006,477.59
2026-06-04,Summer Video Prospecting,GADS_XYZ_VIDEO_AWARENESS_US_TEXAS_SUMMER,Video 7788,99999,XYZ,United States,796,317206,465.66
2026-06-05,Summer Video Prospecting,GADS_XYZ_VIDEO_AWARENESS_US_TEXAS_SUMMER,Video 7788,99999,XYZ,United States,761,277318,455.69
2026-06-06,Summer Video Prospecting,GADS_XYZ_VIDEO_AWARENESS_US_TEXAS_SUMMER,Video 7788,99999,XYZ,United States,766,290867,461.8
2026-06-07,Summer Video Prospecting,GADS_XYZ_VIDEO_AWARENESS_US_TEXAS_SUMMER,Video 7788,99999,XYZ,United States,960,254516,482.97
2026-06-08,Summer Video Prospecting,GADS_XYZ_VIDEO_AWARENESS_US_TEXAS_SUMMER,Video 7788,99999,XYZ,United States,752,268707,381.29
2026-06-09,Summer Video Prospecting,GADS_XYZ_VIDEO_AWARENESS_US_TEXAS_SUMMER,Video 7788,99999,XYZ,United States,800,327974,388.77
2026-06-10,Summer Video Prospecting,GADS_XYZ_VIDEO_AWARENESS_US_TEXAS_SUMMER,Video 7788,99999,XYZ,United States,952,342362,501.45
2026-06-11,Summer Video Prospecting,GADS_XYZ_VIDEO_AWARENESS_US_TEXAS_SUMMER,Video 7788,99999,XYZ,United States,679,273645,395.11
2026-06-12,Summer Video Prospecting,GADS_XYZ_VIDEO_AWARENESS_US_TEXAS_SUMMER,Video 7788,99999,XYZ,United States,1124,312911,614.68
2026-06-13,Summer Video Prospecting,GADS_XYZ_VIDEO_AWARENESS_US_TEXAS_SUMMER,Video 7788,99999,XYZ,United States,1098,341026,547.24
2026-06-14,Summer Video Prospecting,GADS_XYZ_VIDEO_AWARENESS_US_TEXAS_SUMMER,Video 7788,99999,XYZ,United States,1214,310428,594.53
2026-06-15,Summer Video Prospecting,GADS_XYZ_VIDEO_AWARENESS_US_TEXAS_SUMMER,Video 7788,99999,XYZ,United States,1293,341608,714.81
2026-06-16,Summer Video Prospecting,GADS_XYZ_VIDEO_AWARENESS_US_TEXAS_SUMMER,Video 7788,99999,XYZ,United States,1203,305317,591.91
2026-06-17,Summer Video Prospecting,GADS_XYZ_VIDEO_AWARENESS_US_TEXAS_SUMMER,Video 7788,99999,XYZ,United States,936,307654,537.79
2026-06-18,Summer Video Prospecting,GADS_XYZ_VIDEO_AWARENESS_US_TEXAS_SUMMER,Video 7788,99999,XYZ,United States,1191,308914,588.0
2026-06-19,Summer Video Prospecting,GADS_XYZ_VIDEO_AWARENESS_US_TEXAS_SUMMER,Video 7788,99999,XYZ,United States,887,263216,437.0
2026-06-20,Summer Video Prospecting,GADS_XYZ_VIDEO_AWARENESS_US_TEXAS_SUMMER,Video 7788,99999,XYZ,United States,972,284891,540.8
2026-06-21,Summer Video Prospecting,GADS_XYZ_VIDEO_AWARENESS_US_TEXAS_SUMMER,Video 7788,99999,XYZ,United States,1159,290490,642.12
2026-06-22,Summer Video Prospecting,GADS_XYZ_VIDEO_AWARENESS_US_TEXAS_SUMMER,Video 7788,99999,XYZ,United States,1026,304834,510.02
2026-06-23,Summer Video Prospecting,GADS_XYZ_VIDEO_AWARENESS_US_TEXAS_SUMMER,Video 7788,99999,XYZ,United States,1251,332518,712.97
2026-06-24,Summer Video Prospecting,GADS_XYZ_VIDEO_AWARENESS_US_TEXAS_SUMMER,Video 7788,99999,XYZ,United States,1208,340016,618.96
2026-06-25,Summer Video Prospecting,GADS_XYZ_VIDEO_AWARENESS_US_TEXAS_SUMMER,Video 7788,99999,XYZ,United States,842,304593,445.2
2026-06-26,Summer Video Prospecting,GADS_XYZ_VIDEO_AWARENESS_US_TEXAS_SUMMER,Video 7788,99999,XYZ,United States,934,304810,463.78
2026-06-27,Summer Video Prospecting,GADS_XYZ_VIDEO_AWARENESS_US_TEXAS_SUMMER,Video 7788,99999,XYZ,United States,1045,301826,557.41
2026-06-28,Summer Video Prospecting,GADS_XYZ_VIDEO_AWARENESS_US_TEXAS_SUMMER,Video 7788,99999,XYZ,United States,1051,271234,518.0
2026-06-29,Summer Video Prospecting,GADS_XYZ_VIDEO_AWARENESS_US_TEXAS_SUMMER,Video 7788,99999,XYZ,United States,884,347025,439.12
2026-06-30,Summer Video Prospecting,GADS_XYZ_VIDEO_AWARENESS_US_TEXAS_SUMMER,Video 7788,99999,XYZ,United States,1245,336649,694.01
2026-05-01,Beachwear Traffic Display,GADS_H&M_DISPLAY_TRAFFIC_US_FLORIDA_SUMMER,Display 3302,99999,XYZ,United States,1116,144357,770.67
2026-05-02,Beachwear Traffic Display,GADS_H&M_DISPLAY_TRAFFIC_US_FLORIDA_SUMMER,Display 3302,99999,XYZ,United States,840,120960,628.8
2026-05-03,Beachwear Traffic Display,GADS_H&M_DISPLAY_TRAFFIC_US_FLORIDA_SUMMER,Display 3302,99999,XYZ,United States,1355,152614,1027.36
2026-05-04,Beachwear Traffic Display,GADS_H&M_DISPLAY_TRAFFIC_US_FLORIDA_SUMMER,Display 3302,99999,XYZ,United States,1288,163607,894.34
2026-05-05,Beachwear Traffic Display,GADS_H&M_DISPLAY_TRAFFIC_US_FLORIDA_SUMMER,Display 3302,99999,XYZ,United States,924,143927,690.31
2026-05-06,Beachwear Traffic Display,GADS_H&M_DISPLAY_TRAFFIC_US_FLORIDA_SUMMER,Display 3302,99999,XYZ,United States,760,126101,592.56
2026-05-07,Beachwear Traffic Display,GADS_H&M_DISPLAY_TRAFFIC_US_FLORIDA_SUMMER,Display 3302,99999,XYZ,United States,1131,133325,828.8
2026-05-08,Beachwear Traffic Display,GADS_H&M_DISPLAY_TRAFFIC_US_FLORIDA_SUMMER,Display 3302,99999,XYZ,United States,1367,155483,1096.34
2026-05-09,Beachwear Traffic Display,GADS_H&M_DISPLAY_TRAFFIC_US_FLORIDA_SUMMER,Display 3302,99999,XYZ,United States,1236,156048,920.4
2026-05-10,Beachwear Traffic Display,GADS_H&M_DISPLAY_TRAFFIC_US_FLORIDA_SUMMER,Display 3302,99999,XYZ,United States,1057,116123,821.22
2026-05-11,Beachwear Traffic Display,GADS_H&M_DISPLAY_TRAFFIC_US_FLORIDA_SUMMER,Display 3302,99999,XYZ,United States,808,128279,610.06
2026-05-12,Beachwear Traffic Display,GADS_H&M_DISPLAY_TRAFFIC_US_FLORIDA_SUMMER,Display 3302,99999,XYZ,United States,899,130372,570.55
2026-05-13,Beachwear Traffic Display,GADS_H&M_DISPLAY_TRAFFIC_US_FLORIDA_SUMMER,Display 3302,99999,XYZ,United States,1229,158641,863.81
2026-05-14,Beachwear Traffic Display,GADS_H&M_DISPLAY_TRAFFIC_US_FLORIDA_SUMMER,Display 3302,99999,XYZ,United States,975,121950,622.93
2026-05-15,Beachwear Traffic Display,GADS_H&M_DISPLAY_TRAFFIC_US_FLORIDA_SUMMER,Display 3302,99999,XYZ,United States,980,152404,692.02
2026-05-16,Beachwear Traffic Display,GADS_H&M_DISPLAY_TRAFFIC_US_FLORIDA_SUMMER,Display 3302,99999,XYZ,United States,925,131981,701.42
2026-05-17,Beachwear Traffic Display,GADS_H&M_DISPLAY_TRAFFIC_US_FLORIDA_SUMMER,Display 3302,99999,XYZ,United States,1193,153952,773.4
2026-05-18,Beachwear Traffic Display,GADS_H&M_DISPLAY_TRAFFIC_US_FLORIDA_SUMMER,Display 3302,99999,XYZ,United States,729,117451,539.72
2026-05-19,Beachwear Traffic Display,GADS_H&M_DISPLAY_TRAFFIC_US_FLORIDA_SUMMER,Display 3302,99999,XYZ,United States,988,148768,739.01
2026-05-20,Beachwear Traffic Display,GADS_H&M_DISPLAY_TRAFFIC_US_FLORIDA_SUMMER,Display 3302,99999,XYZ,United States,1014,139277,690.33
2026-05-21,Beachwear Traffic Display,GADS_H&M_DISPLAY_TRAFFIC_US_FLORIDA_SUMMER,Display 3302,99999,XYZ,United States,925,152849,654.8
2026-05-22,Beachwear Traffic Display,GADS_H&M_DISPLAY_TRAFFIC_US_FLORIDA_SUMMER,Display 3302,99999,XYZ,United States,1054,129075,756.45
2026-05-23,Beachwear Traffic Display,GADS_H&M_DISPLAY_TRAFFIC_US_FLORIDA_SUMMER,Display 3302,99999,XYZ,United States,860,148423,603.64
2026-05-24,Beachwear Traffic Display,GADS_H&M_DISPLAY_TRAFFIC_US_FLORIDA_SUMMER,Display 3302,99999,XYZ,United States,819,145005,561.58
2026-05-25,Beachwear Traffic Display,GADS_H&M_DISPLAY_TRAFFIC_US_FLORIDA_SUMMER,Display 3302,99999,XYZ,United States,770,125446,521.87
2026-05-26,Beachwear Traffic Display,GADS_H&M_DISPLAY_TRAFFIC_US_FLORIDA_SUMMER,Display 3302,99999,XYZ,United States,742,131337,565.91
2026-05-27,Beachwear Traffic Display,GADS_H&M_DISPLAY_TRAFFIC_US_FLORIDA_SUMMER,Display 3302,99999,XYZ,United States,871,123655,657.77
2026-05-28,Beachwear Traffic Display,GADS_H&M_DISPLAY_TRAFFIC_US_FLORIDA_SUMMER,Display 3302,99999,XYZ,United States,1225,140013,946.82
2026-05-29,Beachwear Traffic Display,GADS_H&M_DISPLAY_TRAFFIC_US_FLORIDA_SUMMER,Display 3302,99999,XYZ,United States,1048,118432,671.67
2026-05-30,Beachwear Traffic Display,GADS_H&M_DISPLAY_TRAFFIC_US_FLORIDA_SUMMER,Display 3302,99999,XYZ,United States,1050,115744,821.7
2026-05-31,Beachwear Traffic Display,GADS_H&M_DISPLAY_TRAFFIC_US_FLORIDA_SUMMER,Display 3302,99999,XYZ,United States,1118,143818,845.43
2026-06-01,Beachwear Traffic Display,GADS_H&M_DISPLAY_TRAFFIC_US_FLORIDA_SUMMER,Display 3302,99999,XYZ,United States,822,135851,523.78
2026-06-02,Beachwear Traffic Display,GADS_H&M_DISPLAY_TRAFFIC_US_FLORIDA_SUMMER,Display 3302,99999,XYZ,United States,1131,131168,837.41
2026-06-03,Beachwear Traffic Display,GADS_H&M_DISPLAY_TRAFFIC_US_FLORIDA_SUMMER,Display 3302,99999,XYZ,United States,1422,156734,922.63
2026-06-04,Beachwear Traffic Display,GADS_H&M_DISPLAY_TRAFFIC_US_FLORIDA_SUMMER,Display 3302,99999,XYZ,United States,1028,157362,755.95
2026-06-05,Beachwear Traffic Display,GADS_H&M_DISPLAY_TRAFFIC_US_FLORIDA_SUMMER,Display 3302,99999,XYZ,United States,1003,141207,689.28
2026-06-06,Beachwear Traffic Display,GADS_H&M_DISPLAY_TRAFFIC_US_FLORIDA_SUMMER,Display 3302,99999,XYZ,United States,906,131911,600.36
2026-06-07,Beachwear Traffic Display,GADS_H&M_DISPLAY_TRAFFIC_US_FLORIDA_SUMMER,Display 3302,99999,XYZ,United States,850,140528,613.46
2026-06-08,Beachwear Traffic Display,GADS_H&M_DISPLAY_TRAFFIC_US_FLORIDA_SUMMER,Display 3302,99999,XYZ,United States,1112,160458,844.33
2026-06-09,Beachwear Traffic Display,GADS_H&M_DISPLAY_TRAFFIC_US_FLORIDA_SUMMER,Display 3302,99999,XYZ,United States,1354,156075,913.17
2026-06-10,Beachwear Traffic Display,GADS_H&M_DISPLAY_TRAFFIC_US_FLORIDA_SUMMER,Display 3302,99999,XYZ,United States,777,122180,573.19
2026-06-11,Beachwear Traffic Display,GADS_H&M_DISPLAY_TRAFFIC_US_FLORIDA_SUMMER,Display 3302,99999,XYZ,United States,1237,153114,821.63
2026-06-12,Beachwear Traffic Display,GADS_H&M_DISPLAY_TRAFFIC_US_FLORIDA_SUMMER,Display 3302,99999,XYZ,United States,1149,153751,877.8
2026-06-13,Beachwear Traffic Display,GADS_H&M_DISPLAY_TRAFFIC_US_FLORIDA_SUMMER,Display 3302,99999,XYZ,United States,1118,153097,886.9
2026-06-14,Beachwear Traffic Display,GADS_H&M_DISPLAY_TRAFFIC_US_FLORIDA_SUMMER,Display 3302,99999,XYZ,United States,1147,143250,850.52
2026-06-15,Beachwear Traffic Display,GADS_H&M_DISPLAY_TRAFFIC_US_FLORIDA_SUMMER,Display 3302,99999,XYZ,United States,1263,158358,833.18
2026-06-16,Beachwear Traffic Display,GADS_H&M_DISPLAY_TRAFFIC_US_FLORIDA_SUMMER,Display 3302,99999,XYZ,United States,861,118241,590.58
2026-06-17,Beachwear Traffic Display,GADS_H&M_DISPLAY_TRAFFIC_US_FLORIDA_SUMMER,Display 3302,99999,XYZ,United States,750,128643,540.95
2026-06-18,Beachwear Traffic Display,GADS_H&M_DISPLAY_TRAFFIC_US_FLORIDA_SUMMER,Display 3302,99999,XYZ,United States,954,130444,613.83
2026-06-19,Beachwear Traffic Display,GADS_H&M_DISPLAY_TRAFFIC_US_FLORIDA_SUMMER,Display 3302,99999,XYZ,United States,926,156717,725.0
2026-06-20,Beachwear Traffic Display,GADS_H&M_DISPLAY_TRAFFIC_US_FLORIDA_SUMMER,Display 3302,99999,XYZ,United States,1252,157906,902.97
2026-06-21,Beachwear Traffic Display,GADS_H&M_DISPLAY_TRAFFIC_US_FLORIDA_SUMMER,Display 3302,99999,XYZ,United States,1064,138120,819.73
2026-06-22,Beachwear Traffic Display,GADS_H&M_DISPLAY_TRAFFIC_US_FLORIDA_SUMMER,Display 3302,99999,XYZ,United States,1169,159952,904.26
2026-06-23,Beachwear Traffic Display,GADS_H&M_DISPLAY_TRAFFIC_US_FLORIDA_SUMMER,Display 3302,99999,XYZ,United States,1008,147652,721.52
2026-06-24,Beachwear Traffic Display,GADS_H&M_DISPLAY_TRAFFIC_US_FLORIDA_SUMMER,Display 3302,99999,XYZ,United States,716,122403,466.46
2026-06-25,Beachwear Traffic Display,GADS_H&M_DISPLAY_TRAFFIC_US_FLORIDA_SUMMER,Display 3302,99999,XYZ,United States,1106,160115,837.28
2026-06-26,Beachwear Traffic Display,GADS_H&M_DISPLAY_TRAFFIC_US_FLORIDA_SUMMER,Display 3302,99999,XYZ,United States,879,140229,594.56
2026-06-27,Beachwear Traffic Display,GADS_H&M_DISPLAY_TRAFFIC_US_FLORIDA_SUMMER,Display 3302,99999,XYZ,United States,995,136863,720.31
2026-06-28,Beachwear Traffic Display,GADS_H&M_DISPLAY_TRAFFIC_US_FLORIDA_SUMMER,Display 3302,99999,XYZ,United States,862,122800,588.3
2026-06-29,Beachwear Traffic Display,GADS_H&M_DISPLAY_TRAFFIC_US_FLORIDA_SUMMER,Display 3302,99999,XYZ,United States,933,135401,687.54
2026-06-30,Beachwear Traffic Display,GADS_H&M_DISPLAY_TRAFFIC_US_FLORIDA_SUMMER,Display 3302,99999,XYZ,United States,1244,154577,802.37
2026-05-01,Sunglasses High Intent Search,GADS_XYZ_SEARCH_CONVERSION_US_CALIFORNIA_SUMMER,Search 8803,99999,XYZ,United States,2042,30744,5518.21
2026-05-02,Sunglasses High Intent Search,GADS_XYZ_SEARCH_CONVERSION_US_CALIFORNIA_SUMMER,Search 8803,99999,XYZ,United States,2558,38899,8001.27
2026-05-03,Sunglasses High Intent Search,GADS_XYZ_SEARCH_CONVERSION_US_CALIFORNIA_SUMMER,Search 8803,99999,XYZ,United States,2283,40837,6635.75
2026-05-04,Sunglasses High Intent Search,GADS_XYZ_SEARCH_CONVERSION_US_CALIFORNIA_SUMMER,Search 8803,99999,XYZ,United States,1768,31352,5604.39
2026-05-05,Sunglasses High Intent Search,GADS_XYZ_SEARCH_CONVERSION_US_CALIFORNIA_SUMMER,Search 8803,99999,XYZ,United States,2225,38572,6485.89
2026-05-06,Sunglasses High Intent Search,GADS_XYZ_SEARCH_CONVERSION_US_CALIFORNIA_SUMMER,Search 8803,99999,XYZ,United States,2300,41676,6360.99
2026-05-07,Sunglasses High Intent Search,GADS_XYZ_SEARCH_CONVERSION_US_CALIFORNIA_SUMMER,Search 8803,99999,XYZ,United States,2806,39779,8323.61
2026-05-08,Sunglasses High Intent Search,GADS_XYZ_SEARCH_CONVERSION_US_CALIFORNIA_SUMMER,Search 8803,99999,XYZ,United States,2749,40263,8183.29
2026-05-09,Sunglasses High Intent Search,GADS_XYZ_SEARCH_CONVERSION_US_CALIFORNIA_SUMMER,Search 8803,99999,XYZ,United States,2378,36342,6652.72
2026-05-10,Sunglasses High Intent Search,GADS_XYZ_SEARCH_CONVERSION_US_CALIFORNIA_SUMMER,Search 8803,99999,XYZ,United States,1943,34209,5112.62
2026-05-11,Sunglasses High Intent Search,GADS_XYZ_SEARCH_CONVERSION_US_CALIFORNIA_SUMMER,Search 8803,99999,XYZ,United States,2410,32295,6845.87
2026-05-12,Sunglasses High Intent Search,GADS_XYZ_SEARCH_CONVERSION_US_CALIFORNIA_SUMMER,Search 8803,99999,XYZ,United States,1620,32455,4148.47
2026-05-13,Sunglasses High Intent Search,GADS_XYZ_SEARCH_CONVERSION_US_CALIFORNIA_SUMMER,Search 8803,99999,XYZ,United States,1976,40463,5997.71
2026-05-14,Sunglasses High Intent Search,GADS_XYZ_SEARCH_CONVERSION_US_CALIFORNIA_SUMMER,Search 8803,99999,XYZ,United States,2933,40343,7431.69
2026-05-15,Sunglasses High Intent Search,GADS_XYZ_SEARCH_CONVERSION_US_CALIFORNIA_SUMMER,Search 8803,99999,XYZ,United States,2342,33884,6083.67
2026-05-16,Sunglasses High Intent Search,GADS_XYZ_SEARCH_CONVERSION_US_CALIFORNIA_SUMMER,Search 8803,99999,XYZ,United States,1744,34402,5365.66
2026-05-17,Sunglasses High Intent Search,GADS_XYZ_SEARCH_CONVERSION_US_CALIFORNIA_SUMMER,Search 8803,99999,XYZ,United States,2782,39513,7292.26
2026-05-18,Sunglasses High Intent Search,GADS_XYZ_SEARCH_CONVERSION_US_CALIFORNIA_SUMMER,Search 8803,99999,XYZ,United States,2051,35192,6092.77
2026-05-19,Sunglasses High Intent Search,GADS_XYZ_SEARCH_CONVERSION_US_CALIFORNIA_SUMMER,Search 8803,99999,XYZ,United States,1932,32598,5221.98
2026-05-20,Sunglasses High Intent Search,GADS_XYZ_SEARCH_CONVERSION_US_CALIFORNIA_SUMMER,Search 8803,99999,XYZ,United States,2331,39221,6697.58
2026-05-21,Sunglasses High Intent Search,GADS_XYZ_SEARCH_CONVERSION_US_CALIFORNIA_SUMMER,Search 8803,99999,XYZ,United States,2360,33530,6675.98
2026-05-22,Sunglasses High Intent Search,GADS_XYZ_SEARCH_CONVERSION_US_CALIFORNIA_SUMMER,Search 8803,99999,XYZ,United States,2298,40343,7252.11
2026-05-23,Sunglasses High Intent Search,GADS_XYZ_SEARCH_CONVERSION_US_CALIFORNIA_SUMMER,Search 8803,99999,XYZ,United States,2529,42278,6830.15
2026-05-24,Sunglasses High Intent Search,GADS_XYZ_SEARCH_CONVERSION_US_CALIFORNIA_SUMMER,Search 8803,99999,XYZ,United States,2131,34469,6752.98
2026-05-25,Sunglasses High Intent Search,GADS_XYZ_SEARCH_CONVERSION_US_CALIFORNIA_SUMMER,Search 8803,99999,XYZ,United States,2814,40106,7323.9
2026-05-26,Sunglasses High Intent Search,GADS_XYZ_SEARCH_CONVERSION_US_CALIFORNIA_SUMMER,Search 8803,99999,XYZ,United States,2139,32760,6643.51
2026-05-27,Sunglasses High Intent Search,GADS_XYZ_SEARCH_CONVERSION_US_CALIFORNIA_SUMMER,Search 8803,99999,XYZ,United States,1794,36706,5537.34
2026-05-28,Sunglasses High Intent Search,GADS_XYZ_SEARCH_CONVERSION_US_CALIFORNIA_SUMMER,Search 8803,99999,XYZ,United States,2207,40551,6687.15
2026-05-29,Sunglasses High Intent Search,GADS_XYZ_SEARCH_CONVERSION_US_CALIFORNIA_SUMMER,Search 8803,99999,XYZ,United States,2424,33055,6323.7
2026-05-30,Sunglasses High Intent Search,GADS_XYZ_SEARCH_CONVERSION_US_CALIFORNIA_SUMMER,Search 8803,99999,XYZ,United States,2625,35189,6982.17
2026-05-31,Sunglasses High Intent Search,GADS_XYZ_SEARCH_CONVERSION_US_CALIFORNIA_SUMMER,Search 8803,99999,XYZ,United States,1995,35366,5039.85
2026-06-01,Sunglasses High Intent Search,GADS_XYZ_SEARCH_CONVERSION_US_CALIFORNIA_SUMMER,Search 8803,99999,XYZ,United States,1844,30210,4922.14
2026-06-02,Sunglasses High Intent Search,GADS_XYZ_SEARCH_CONVERSION_US_CALIFORNIA_SUMMER,Search 8803,99999,XYZ,United States,2425,42409,6128.65
2026-06-03,Sunglasses High Intent Search,GADS_XYZ_SEARCH_CONVERSION_US_CALIFORNIA_SUMMER,Search 8803,99999,XYZ,United States,2966,41583,8757.33
2026-06-04,Sunglasses High Intent Search,GADS_XYZ_SEARCH_CONVERSION_US_CALIFORNIA_SUMMER,Search 8803,99999,XYZ,United States,1986,39776,5370.59
2026-06-05,Sunglasses High Intent Search,GADS_XYZ_SEARCH_CONVERSION_US_CALIFORNIA_SUMMER,Search 8803,99999,XYZ,United States,2697,40273,7020.11
2026-06-06,Sunglasses High Intent Search,GADS_XYZ_SEARCH_CONVERSION_US_CALIFORNIA_SUMMER,Search 8803,99999,XYZ,United States,2297,38663,5769.13
2026-06-07,Sunglasses High Intent Search,GADS_XYZ_SEARCH_CONVERSION_US_CALIFORNIA_SUMMER,Search 8803,99999,XYZ,United States,1635,30546,5034.35
2026-06-08,Sunglasses High Intent Search,GADS_XYZ_SEARCH_CONVERSION_US_CALIFORNIA_SUMMER,Search 8803,99999,XYZ,United States,2488,36632,7138.06
2026-06-09,Sunglasses High Intent Search,GADS_XYZ_SEARCH_CONVERSION_US_CALIFORNIA_SUMMER,Search 8803,99999,XYZ,United States,1688,30960,4581.21
2026-06-10,Sunglasses High Intent Search,GADS_XYZ_SEARCH_CONVERSION_US_CALIFORNIA_SUMMER,Search 8803,99999,XYZ,United States,1764,30138,5382.01
2026-06-11,Sunglasses High Intent Search,GADS_XYZ_SEARCH_CONVERSION_US_CALIFORNIA_SUMMER,Search 8803,99999,XYZ,United States,1741,35444,5444.32
2026-06-12,Sunglasses High Intent Search,GADS_XYZ_SEARCH_CONVERSION_US_CALIFORNIA_SUMMER,Search 8803,99999,XYZ,United States,1722,37253,4925.81
2026-06-13,Sunglasses High Intent Search,GADS_XYZ_SEARCH_CONVERSION_US_CALIFORNIA_SUMMER,Search 8803,99999,XYZ,United States,1636,32655,4583.42
2026-06-14,Sunglasses High Intent Search,GADS_XYZ_SEARCH_CONVERSION_US_CALIFORNIA_SUMMER,Search 8803,99999,XYZ,United States,1990,37487,5557.94
2026-06-15,Sunglasses High Intent Search,GADS_XYZ_SEARCH_CONVERSION_US_CALIFORNIA_SUMMER,Search 8803,99999,XYZ,United States,1844,38130,5854.08
2026-06-16,Sunglasses High Intent Search,GADS_XYZ_SEARCH_CONVERSION_US_CALIFORNIA_SUMMER,Search 8803,99999,XYZ,United States,1878,30397,5361.71
2026-06-17,Sunglasses High Intent Search,GADS_XYZ_SEARCH_CONVERSION_US_CALIFORNIA_SUMMER,Search 8803,99999,XYZ,United States,2651,42328,7356.71
2026-06-18,Sunglasses High Intent Search,GADS_XYZ_SEARCH_CONVERSION_US_CALIFORNIA_SUMMER,Search 8803,99999,XYZ,United States,2319,35612,7372.17
2026-06-19,Sunglasses High Intent Search,GADS_XYZ_SEARCH_CONVERSION_US_CALIFORNIA_SUMMER,Search 8803,99999,XYZ,United States,1517,32807,4622.83
2026-06-20,Sunglasses High Intent Search,GADS_XYZ_SEARCH_CONVERSION_US_CALIFORNIA_SUMMER,Search 8803,99999,XYZ,United States,2314,33988,6797.9
2026-06-21,Sunglasses High Intent Search,GADS_XYZ_SEARCH_CONVERSION_US_CALIFORNIA_SUMMER,Search 8803,99999,XYZ,United States,2694,39518,7369.28
2026-06-22,Sunglasses High Intent Search,GADS_XYZ_SEARCH_CONVERSION_US_CALIFORNIA_SUMMER,Search 8803,99999,XYZ,United States,1877,30094,5751.95
2026-06-23,Sunglasses High Intent Search,GADS_XYZ_SEARCH_CONVERSION_US_CALIFORNIA_SUMMER,Search 8803,99999,XYZ,United States,2209,31789,6242.2
2026-06-24,Sunglasses High Intent Search,GADS_XYZ_SEARCH_CONVERSION_US_CALIFORNIA_SUMMER,Search 8803,99999,XYZ,United States,2505,38532,7672.98
2026-06-25,Sunglasses High Intent Search,GADS_XYZ_SEARCH_CONVERSION_US_CALIFORNIA_SUMMER,Search 8803,99999,XYZ,United States,2106,30337,5941.14
2026-06-26,Sunglasses High Intent Search,GADS_XYZ_SEARCH_CONVERSION_US_CALIFORNIA_SUMMER,Search 8803,99999,XYZ,United States,1569,33323,4149.12
2026-06-27,Sunglasses High Intent Search,GADS_XYZ_SEARCH_CONVERSION_US_CALIFORNIA_SUMMER,Search 8803,99999,XYZ,United States,2231,30063,6381.83
2026-06-28,Sunglasses High Intent Search,GADS_XYZ_SEARCH_CONVERSION_US_CALIFORNIA_SUMMER,Search 8803,99999,XYZ,United States,2638,42339,7073.18
2026-06-29,Sunglasses High Intent Search,GADS_XYZ_SEARCH_CONVERSION_US_CALIFORNIA_SUMMER,Search 8803,99999,XYZ,United States,2026,39282,5575.9
2026-06-30,Sunglasses High Intent Search,GADS_XYZ_SEARCH_CONVERSION_US_CALIFORNIA_SUMMER,Search 8803,99999,XYZ,United States,2860,39639,7822.2
