Date,Campaign Name,Campaign ID,Ad Location,Account ID,Account Name,Country,Clicks,Impressions,Spend
2026-05-01,Sun Glasses with us,META_FOREVER21_SEARCH_AWARENESS_US_CALIFORNIA_SUMMER,Google Search,987as231,XYZ,United States,997,164314,457.88
2026-05-02,Sun Glasses with us,META_FOREVER21_SEARCH_AWARENESS_US_CALIFORNIA_SUMMER,Google Search,987as231,XYZ,United States,1608,206642,656.99
2026-05-03,Sun Glasses with us,META_FOREVER21_SEARCH_AWARENESS_US_CALIFORNIA_SUMMER,Google Search,987as231,XYZ,United States,1442,222402,605.28
2026-05-04,Sun Glasses with us,META_FOREVER21_SEARCH_AWARENESS_US_CALIFORNIA_SUMMER,Google Search,987as231,XYZ,United States,1437,219022,647.16
2026-05-05,Sun Glasses with us,META_FOREVER21_SEARCH_AWARENESS_US_CALIFORNIA_SUMMER,Google Search,987as231,XYZ,United States,1054,205532,453.56
2026-05-06,Sun Glasses with us,META_FOREVER21_SEARCH_AWARENESS_US_CALIFORNIA_SUMMER,Google Search,987as231,XYZ,United States,1409,212048,566.39
2026-05-07,Sun Glasses with us,META_FOREVER21_SEARCH_AWARENESS_US_CALIFORNIA_SUMMER,Google Search,987as231,XYZ,United States,1132,161276,453.36
2026-05-08,Sun Glasses with us,META_FOREVER21_SEARCH_AWARENESS_US_CALIFORNIA_SUMMER,Google Search,987as231,XYZ,United States,1233,197019,541.45
2026-05-09,Sun Glasses with us,META_FOREVER21_SEARCH_AWARENESS_US_CALIFORNIA_SUMMER,Google Search,987as231,XYZ,United States,901,179845,412.03
2026-05-10,Sun Glasses with us,META_FOREVER21_SEARCH_AWARENESS_US_CALIFORNIA_SUMMER,Google Search,987as231,XYZ,United States,1460,179915,580.02
2026-05-11,Sun Glasses with us,META_FOREVER21_SEARCH_AWARENESS_US_CALIFORNIA_SUMMER,Google Search,987as231,XYZ,United States,1772,222833,668.33
2026-05-12,Sun Glasses with us,META_FOREVER21_SEARCH_AWARENESS_US_CALIFORNIA_SUMMER,Google Search,987as231,XYZ,United States,1207,199405,543.57
2026-05-13,Sun Glasses with us,META_FOREVER21_SEARCH_AWARENESS_US_CALIFORNIA_SUMMER,Google Search,987as231,XYZ,United States,1612,202271,619.0
2026-05-14,Sun Glasses with us,META_FOREVER21_SEARCH_AWARENESS_US_CALIFORNIA_SUMMER,Google Search,987as231,XYZ,United States,1463,197357,545.86
2026-05-15,Sun Glasses with us,META_FOREVER21_SEARCH_AWARENESS_US_CALIFORNIA_SUMMER,Google Search,987as231,XYZ,United States,1187,160398,482.55
2026-05-16,Sun Glasses with us,META_FOREVER21_SEARCH_AWARENESS_US_CALIFORNIA_SUMMER,Google Search,987as231,XYZ,United States,1222,181987,526.19
2026-05-17,Sun Glasses with us,META_FOREVER21_SEARCH_AWARENESS_US_CALIFORNIA_SUMMER,Google Search,987as231,XYZ,United States,1609,202247,655.02
2026-05-18,Sun Glasses with us,META_FOREVER21_SEARCH_AWARENESS_US_CALIFORNIA_SUMMER,Google Search,987as231,XYZ,United States,1401,207994,592.58
2026-05-19,Sun Glasses with us,META_FOREVER21_SEARCH_AWARENESS_US_CALIFORNIA_SUMMER,Google Search,987as231,XYZ,United States,1278,183025,504.5
2026-05-20,Sun Glasses with us,META_FOREVER21_SEARCH_AWARENESS_US_CALIFORNIA_SUMMER,Google Search,987as231,XYZ,United States,1188,163559,498.85
2026-05-21,Sun Glasses with us,META_FOREVER21_SEARCH_AWARENESS_US_CALIFORNIA_SUMMER,Google Search,987as231,XYZ,United States,1221,182269,483.5
2026-05-22,Sun Glasses with us,META_FOREVER21_SEARCH_AWARENESS_US_CALIFORNIA_SUMMER,Google Search,987as231,XYZ,United States,1098,173603,516.1
2026-05-23,Sun Glasses with us,META_FOREVER21_SEARCH_AWARENESS_US_CALIFORNIA_SUMMER,Google Search,987as231,XYZ,United States,1376,175333,576.7
2026-05-24,Sun Glasses with us,META_FOREVER21_SEARCH_AWARENESS_US_CALIFORNIA_SUMMER,Google Search,987as231,XYZ,United States,1255,164188,521.03
2026-05-25,Sun Glasses with us,META_FOREVER21_SEARCH_AWARENESS_US_CALIFORNIA_SUMMER,Google Search,987as231,XYZ,United States,1373,217269,519.61
2026-05-26,Sun Glasses with us,META_FOREVER21_SEARCH_AWARENESS_US_CALIFORNIA_SUMMER,Google Search,987as231,XYZ,United States,1543,202443,620.0
2026-05-27,Sun Glasses with us,META_FOREVER21_SEARCH_AWARENESS_US_CALIFORNIA_SUMMER,Google Search,987as231,XYZ,United States,913,179563,387.34
2026-05-28,Sun Glasses with us,META_FOREVER21_SEARCH_AWARENESS_US_CALIFORNIA_SUMMER,Google Search,987as231,XYZ,United States,1656,216767,730.88
2026-05-29,Sun Glasses with us,META_FOREVER21_SEARCH_AWARENESS_US_CALIFORNIA_SUMMER,Google Search,987as231,XYZ,United States,1523,219228,684.75
2026-05-30,Sun Glasses with us,META_FOREVER21_SEARCH_AWARENESS_US_CALIFORNIA_SUMMER,Google Search,987as231,XYZ,United States,1004,190598,391.42
2026-05-31,Sun Glasses with us,META_FOREVER21_SEARCH_AWARENESS_US_CALIFORNIA_SUMMER,Google Search,987as231,XYZ,United States,1230,165299,457.87
2026-06-01,Sun Glasses with us,META_FOREVER21_SEARCH_AWARENESS_US_CALIFORNIA_SUMMER,Google Search,987as231,XYZ,United States,1176,193695,529.92
2026-06-02,Sun Glasses with us,META_FOREVER21_SEARCH_AWARENESS_US_CALIFORNIA_SUMMER,Google Search,987as231,XYZ,United States,1328,193532,502.37
2026-06-03,Sun Glasses with us,META_FOREVER21_SEARCH_AWARENESS_US_CALIFORNIA_SUMMER,Google Search,987as231,XYZ,United States,1437,176955,635.24
2026-06-04,Sun Glasses with us,META_FOREVER21_SEARCH_AWARENESS_US_CALIFORNIA_SUMMER,Google Search,987as231,XYZ,United States,1414,191757,639.97
2026-06-05,Sun Glasses with us,META_FOREVER21_SEARCH_AWARENESS_US_CALIFORNIA_SUMMER,Google Search,987as231,XYZ,United States,1292,160844,561.18
2026-06-06,Sun Glasses with us,META_FOREVER21_SEARCH_AWARENESS_US_CALIFORNIA_SUMMER,Google Search,987as231,XYZ,United States,1321,186578,534.12
2026-06-07,Sun Glasses with us,META_FOREVER21_SEARCH_AWARENESS_US_CALIFORNIA_SUMMER,Google Search,987as231,XYZ,United States,1599,215852,694.11
2026-06-08,Sun Glasses with us,META_FOREVER21_SEARCH_AWARENESS_US_CALIFORNIA_SUMMER,Google Search,987as231,XYZ,United States,1348,168246,557.0
2026-06-09,Sun Glasses with us,META_FOREVER21_SEARCH_AWARENESS_US_CALIFORNIA_SUMMER,Google Search,987as231,XYZ,United States,1102,218092,421.09
2026-06-10,Sun Glasses with us,META_FOREVER21_SEARCH_AWARENESS_US_CALIFORNIA_SUMMER,Google Search,987as231,XYZ,United States,899,166266,361.51
2026-06-11,Sun Glasses with us,META_FOREVER21_SEARCH_AWARENESS_US_CALIFORNIA_SUMMER,Google Search,987as231,XYZ,United States,1225,204318,568.94
2026-06-12,Sun Glasses with us,META_FOREVER21_SEARCH_AWARENESS_US_CALIFORNIA_SUMMER,Google Search,987as231,XYZ,United States,1654,217012,653.1
2026-06-13,Sun Glasses with us,META_FOREVER21_SEARCH_AWARENESS_US_CALIFORNIA_SUMMER,Google Search,987as231,XYZ,United States,1327,199237,507.2
2026-06-14,Sun Glasses with us,META_FOREVER21_SEARCH_AWARENESS_US_CALIFORNIA_SUMMER,Google Search,987as231,XYZ,United States,1166,176513,490.02
2026-06-15,Sun Glasses with us,META_FOREVER21_SEARCH_AWARENESS_US_CALIFORNIA_SUMMER,Google Search,987as231,XYZ,United States,1327,167334,511.08
2026-06-16,Sun Glasses with us,META_FOREVER21_SEARCH_AWARENESS_US_CALIFORNIA_SUMMER,Google Search,987as231,XYZ,United States,1449,200857,623.94
2026-06-17,Sun Glasses with us,META_FOREVER21_SEARCH_AWARENESS_US_CALIFORNIA_SUMMER,Google Search,987as231,XYZ,United States,1431,213429,647.93
2026-06-18,Sun Glasses with us,META_FOREVER21_SEARCH_AWARENESS_US_CALIFORNIA_SUMMER,Google Search,987as231,XYZ,United States,792,157740,343.93
2026-06-19,Sun Glasses with us,META_FOREVER21_SEARCH_AWARENESS_US_CALIFORNIA_SUMMER,Google Search,987as231,XYZ,United States,1365,195251,610.03
2026-06-20,Sun Glasses with us,META_FOREVER21_SEARCH_AWARENESS_US_CALIFORNIA_SUMMER,Google Search,987as231,XYZ,United States,1281,184294,537.77
2026-06-21,Sun Glasses with us,META_FOREVER21_SEARCH_AWARENESS_US_CALIFORNIA_SUMMER,Google Search,987as231,XYZ,United States,1155,198698,538.27
2026-06-22,Sun Glasses with us,META_FOREVER21_SEARCH_AWARENESS_US_CALIFORNIA_SUMMER,Google Search,987as231,XYZ,United States,1414,188833,620.25
2026-06-23,Sun Glasses with us,META_FOREVER21_SEARCH_AWARENESS_US_CALIFORNIA_SUMMER,Google Search,987as231,XYZ,United States,900,176144,338.08
2026-06-24,Sun Glasses with us,META_FOREVER21_SEARCH_AWARENESS_US_CALIFORNIA_SUMMER,Google Search,987as231,XYZ,United States,1198,185869,467.42
2026-06-25,Sun Glasses with us,META_FOREVER21_SEARCH_AWARENESS_US_CALIFORNIA_SUMMER,Google Search,987as231,XYZ,United States,1162,197295,513.62
2026-06-26,Sun Glasses with us,META_FOREVER21_SEARCH_AWARENESS_US_CALIFORNIA_SUMMER,Google Search,987as231,XYZ,United States,1580,206019,739.31
2026-06-27,Sun Glasses with us,META_FOREVER21_SEARCH_AWARENESS_US_CALIFORNIA_SUMMER,Google Search,987as231,XYZ,United States,1001,164744,426.64
2026-06-28,Sun Glasses with us,META_FOREVER21_SEARCH_AWARENESS_US_CALIFORNIA_SUMMER,Google Search,987as231,XYZ,United States,1135,177627,450.1
2026-06-29,Sun Glasses with us,META_FOREVER21_SEARCH_AWARENESS_US_CALIFORNIA_SUMMER,Google Search,987as231,XYZ,United States,896,172757,357.37
2026-06-30,Sun Glasses with us,META_FOREVER21_SEARCH_AWARENESS_US_CALIFORNIA_SUMMER,Google Search,987as231,XYZ,United States,1251,182075,493.68
2026-05-01,Sun Glasses with us,META_FOREVER21_SEARCH_RETARGETING_US_CALIFORNIA_SUMMER,Facebook Feed,987as231,XYZ,United States,1077,92783,702.03
2026-05-02,Sun Glasses with us,META_FOREVER21_SEARCH_RETARGETING_US_CALIFORNIA_SUMMER,Facebook Feed,987as231,XYZ,United States,1069,84293,772.82
2026-05-03,Sun Glasses with us,META_FOREVER21_SEARCH_RETARGETING_US_CALIFORNIA_SUMMER,Facebook Feed,987as231,XYZ,United States,1155,81948,785.17
2026-05-04,Sun Glasses with us,META_FOREVER21_SEARCH_RETARGETING_US_CALIFORNIA_SUMMER,Facebook Feed,987as231,XYZ,United States,814,76348,612.67
2026-05-05,Sun Glasses with us,META_FOREVER21_SEARCH_RETARGETING_US_CALIFORNIA_SUMMER,Facebook Feed,987as231,XYZ,United States,1418,82160,898.32
2026-05-06,Sun Glasses with us,META_FOREVER21_SEARCH_RETARGETING_US_CALIFORNIA_SUMMER,Facebook Feed,987as231,XYZ,United States,842,77657,571.86
2026-05-07,Sun Glasses with us,META_FOREVER21_SEARCH_RETARGETING_US_CALIFORNIA_SUMMER,Facebook Feed,987as231,XYZ,United States,1406,93286,949.33
2026-05-08,Sun Glasses with us,META_FOREVER21_SEARCH_RETARGETING_US_CALIFORNIA_SUMMER,Facebook Feed,987as231,XYZ,United States,1365,83083,912.81
2026-05-09,Sun Glasses with us,META_FOREVER21_SEARCH_RETARGETING_US_CALIFORNIA_SUMMER,Facebook Feed,987as231,XYZ,United States,1454,93290,1051.33
2026-05-10,Sun Glasses with us,META_FOREVER21_SEARCH_RETARGETING_US_CALIFORNIA_SUMMER,Facebook Feed,987as231,XYZ,United States,1038,78042,717.75
2026-05-11,Sun Glasses with us,META_FOREVER21_SEARCH_RETARGETING_US_CALIFORNIA_SUMMER,Facebook Feed,987as231,XYZ,United States,1048,72986,639.7
2026-05-12,Sun Glasses with us,META_FOREVER21_SEARCH_RETARGETING_US_CALIFORNIA_SUMMER,Facebook Feed,987as231,XYZ,United States,1301,82125,837.91
2026-05-13,Sun Glasses with us,META_FOREVER21_SEARCH_RETARGETING_US_CALIFORNIA_SUMMER,Facebook Feed,987as231,XYZ,United States,1471,96437,908.77
2026-05-14,Sun Glasses with us,META_FOREVER21_SEARCH_RETARGETING_US_CALIFORNIA_SUMMER,Facebook Feed,987as231,XYZ,United States,1273,96024,926.91
2026-05-15,Sun Glasses with us,META_FOREVER21_SEARCH_RETARGETING_US_CALIFORNIA_SUMMER,Facebook Feed,987as231,XYZ,United States,1318,77249,951.08
2026-05-16,Sun Glasses with us,META_FOREVER21_SEARCH_RETARGETING_US_CALIFORNIA_SUMMER,Facebook Feed,987as231,XYZ,United States,1028,73116,699.05
2026-05-17,Sun Glasses with us,META_FOREVER21_SEARCH_RETARGETING_US_CALIFORNIA_SUMMER,Facebook Feed,987as231,XYZ,United States,785,68577,512.41
2026-05-18,Sun Glasses with us,META_FOREVER21_SEARCH_RETARGETING_US_CALIFORNIA_SUMMER,Facebook Feed,987as231,XYZ,United States,1112,81224,775.44
2026-05-19,Sun Glasses with us,META_FOREVER21_SEARCH_RETARGETING_US_CALIFORNIA_SUMMER,Facebook Feed,987as231,XYZ,United States,1055,82457,736.87
2026-05-20,Sun Glasses with us,META_FOREVER21_SEARCH_RETARGETING_US_CALIFORNIA_SUMMER,Facebook Feed,987as231,XYZ,United States,1255,72037,902.42
2026-05-21,Sun Glasses with us,META_FOREVER21_SEARCH_RETARGETING_US_CALIFORNIA_SUMMER,Facebook Feed,987as231,XYZ,United States,977,76073,716.7
2026-05-22,Sun Glasses with us,META_FOREVER21_SEARCH_RETARGETING_US_CALIFORNIA_SUMMER,Facebook Feed,987as231,XYZ,United States,1282,82954,829.87
2026-05-23,Sun Glasses with us,META_FOREVER21_SEARCH_RETARGETING_US_CALIFORNIA_SUMMER,Facebook Feed,987as231,XYZ,United States,1194,91320,845.79
2026-05-24,Sun Glasses with us,META_FOREVER21_SEARCH_RETARGETING_US_CALIFORNIA_SUMMER,Facebook Feed,987as231,XYZ,United States,1402,96166,1021.26
2026-05-25,Sun Glasses with us,META_FOREVER21_SEARCH_RETARGETING_US_CALIFORNIA_SUMMER,Facebook Feed,987as231,XYZ,United States,1357,88651,817.93
2026-05-26,Sun Glasses with us,META_FOREVER21_SEARCH_RETARGETING_US_CALIFORNIA_SUMMER,Facebook Feed,987as231,XYZ,United States,1403,81249,1018.82
2026-05-27,Sun Glasses with us,META_FOREVER21_SEARCH_RETARGETING_US_CALIFORNIA_SUMMER,Facebook Feed,987as231,XYZ,United States,1311,90152,938.85
2026-05-28,Sun Glasses with us,META_FOREVER21_SEARCH_RETARGETING_US_CALIFORNIA_SUMMER,Facebook Feed,987as231,XYZ,United States,987,84465,691.94
2026-05-29,Sun Glasses with us,META_FOREVER21_SEARCH_RETARGETING_US_CALIFORNIA_SUMMER,Facebook Feed,987as231,XYZ,United States,1401,85534,872.15
2026-05-30,Sun Glasses with us,META_FOREVER21_SEARCH_RETARGETING_US_CALIFORNIA_SUMMER,Facebook Feed,987as231,XYZ,United States,936,87335,704.95
2026-05-31,Sun Glasses with us,META_FOREVER21_SEARCH_RETARGETING_US_CALIFORNIA_SUMMER,Facebook Feed,987as231,XYZ,United States,749,70484,486.55
2026-06-01,Sun Glasses with us,META_FOREVER21_SEARCH_RETARGETING_US_CALIFORNIA_SUMMER,Facebook Feed,987as231,XYZ,United States,1099,71710,731.25
2026-06-02,Sun Glasses with us,META_FOREVER21_SEARCH_RETARGETING_US_CALIFORNIA_SUMMER,Facebook Feed,987as231,XYZ,United States,1526,90117,1130.53
2026-06-03,Sun Glasses with us,META_FOREVER21_SEARCH_RETARGETING_US_CALIFORNIA_SUMMER,Facebook Feed,987as231,XYZ,United States,972,88961,603.55
2026-06-04,Sun Glasses with us,META_FOREVER21_SEARCH_RETARGETING_US_CALIFORNIA_SUMMER,Facebook Feed,987as231,XYZ,United States,937,73360,661.97
2026-06-05,Sun Glasses with us,META_FOREVER21_SEARCH_RETARGETING_US_CALIFORNIA_SUMMER,Facebook Feed,987as231,XYZ,United States,1050,82752,658.0
2026-06-06,Sun Glasses with us,META_FOREVER21_SEARCH_RETARGETING_US_CALIFORNIA_SUMMER,Facebook Feed,987as231,XYZ,United States,1214,94165,796.65
2026-06-07,Sun Glasses with us,META_FOREVER21_SEARCH_RETARGETING_US_CALIFORNIA_SUMMER,Facebook Feed,987as231,XYZ,United States,1399,90029,984.04
2026-06-08,Sun Glasses with us,META_FOREVER21_SEARCH_RETARGETING_US_CALIFORNIA_SUMMER,Facebook Feed,987as231,XYZ,United States,1295,87706,815.56
2026-06-09,Sun Glasses with us,META_FOREVER21_SEARCH_RETARGETING_US_CALIFORNIA_SUMMER,Facebook Feed,987as231,XYZ,United States,1073,74517,681.46
2026-06-10,Sun Glasses with us,META_FOREVER21_SEARCH_RETARGETING_US_CALIFORNIA_SUMMER,Facebook Feed,987as231,XYZ,United States,1207,95960,779.2
2026-06-11,Sun Glasses with us,META_FOREVER21_SEARCH_RETARGETING_US_CALIFORNIA_SUMMER,Facebook Feed,987as231,XYZ,United States,1132,73358,735.96
2026-06-12,Sun Glasses with us,META_FOREVER21_SEARCH_RETARGETING_US_CALIFORNIA_SUMMER,Facebook Feed,987as231,XYZ,United States,1320,77536,961.24
2026-06-13,Sun Glasses with us,META_FOREVER21_SEARCH_RETARGETING_US_CALIFORNIA_SUMMER,Facebook Feed,987as231,XYZ,United States,855,75312,606.05
2026-06-14,Sun Glasses with us,META_FOREVER21_SEARCH_RETARGETING_US_CALIFORNIA_SUMMER,Facebook Feed,987as231,XYZ,United States,1361,78448,996.2
2026-06-15,Sun Glasses with us,META_FOREVER21_SEARCH_RETARGETING_US_CALIFORNIA_SUMMER,Facebook Feed,987as231,XYZ,United States,1539,95420,993.89
2026-06-16,Sun Glasses with us,META_FOREVER21_SEARCH_RETARGETING_US_CALIFORNIA_SUMMER,Facebook Feed,987as231,XYZ,United States,1173,75730,768.23
2026-06-17,Sun Glasses with us,META_FOREVER21_SEARCH_RETARGETING_US_CALIFORNIA_SUMMER,Facebook Feed,987as231,XYZ,United States,987,80298,667.79
2026-06-18,Sun Glasses with us,META_FOREVER21_SEARCH_RETARGETING_US_CALIFORNIA_SUMMER,Facebook Feed,987as231,XYZ,United States,1044,73205,783.7
2026-06-19,Sun Glasses with us,META_FOREVER21_SEARCH_RETARGETING_US_CALIFORNIA_SUMMER,Facebook Feed,987as231,XYZ,United States,1006,87790,703.07
2026-06-20,Sun Glasses with us,META_FOREVER21_SEARCH_RETARGETING_US_CALIFORNIA_SUMMER,Facebook Feed,987as231,XYZ,United States,1031,84563,729.66
2026-06-21,Sun Glasses with us,META_FOREVER21_SEARCH_RETARGETING_US_CALIFORNIA_SUMMER,Facebook Feed,987as231,XYZ,United States,1240,82916,752.64
2026-06-22,Sun Glasses with us,META_FOREVER21_SEARCH_RETARGETING_US_CALIFORNIA_SUMMER,Facebook Feed,987as231,XYZ,United States,1233,79440,758.06
2026-06-23,Sun Glasses with us,META_FOREVER21_SEARCH_RETARGETING_US_CALIFORNIA_SUMMER,Facebook Feed,987as231,XYZ,United States,948,89993,652.43
2026-06-24,Sun Glasses with us,META_FOREVER21_SEARCH_RETARGETING_US_CALIFORNIA_SUMMER,Facebook Feed,987as231,XYZ,United States,1263,94667,948.51
2026-06-25,Sun Glasses with us,META_FOREVER21_SEARCH_RETARGETING_US_CALIFORNIA_SUMMER,Facebook Feed,987as231,XYZ,United States,1289,93170,813.3
2026-06-26,Sun Glasses with us,META_FOREVER21_SEARCH_RETARGETING_US_CALIFORNIA_SUMMER,Facebook Feed,987as231,XYZ,United States,1219,95694,857.95
2026-06-27,Sun Glasses with us,META_FOREVER21_SEARCH_RETARGETING_US_CALIFORNIA_SUMMER,Facebook Feed,987as231,XYZ,United States,1046,94042,723.94
2026-06-28,Sun Glasses with us,META_FOREVER21_SEARCH_RETARGETING_US_CALIFORNIA_SUMMER,Facebook Feed,987as231,XYZ,United States,1292,83037,970.63
2026-06-29,Sun Glasses with us,META_FOREVER21_SEARCH_RETARGETING_US_CALIFORNIA_SUMMER,Facebook Feed,987as231,XYZ,United States,1104,94198,819.59
2026-06-30,Sun Glasses with us,META_FOREVER21_SEARCH_RETARGETING_US_CALIFORNIA_SUMMER,Facebook Feed,987as231,XYZ,United States,1226,72429,933.16
2026-05-01,Summer Drop Awareness,META_FOREVER21_FEED_AWARENESS_US_CALIFORNIA_SUMMER,Facebook Feed,987as231,XYZ,United States,2113,240729,887.08
2026-05-02,Summer Drop Awareness,META_FOREVER21_FEED_AWARENESS_US_CALIFORNIA_SUMMER,Facebook Feed,987as231,XYZ,United States,3112,291591,1289.49
2026-05-03,Summer Drop Awareness,META_FOREVER21_FEED_AWARENESS_US_CALIFORNIA_SUMMER,Facebook Feed,987as231,XYZ,United States,1872,205834,644.32
2026-05-04,Summer Drop Awareness,META_FOREVER21_FEED_AWARENESS_US_CALIFORNIA_SUMMER,Facebook Feed,987as231,XYZ,United States,2304,293469,978.29
2026-05-05,Summer Drop Awareness,META_FOREVER21_FEED_AWARENESS_US_CALIFORNIA_SUMMER,Facebook Feed,987as231,XYZ,United States,2227,253897,935.33
2026-05-06,Summer Drop Awareness,META_FOREVER21_FEED_AWARENESS_US_CALIFORNIA_SUMMER,Facebook Feed,987as231,XYZ,United States,2438,281595,858.14
2026-05-07,Summer Drop Awareness,META_FOREVER21_FEED_AWARENESS_US_CALIFORNIA_SUMMER,Facebook Feed,987as231,XYZ,United States,1573,215138,591.85
2026-05-08,Summer Drop Awareness,META_FOREVER21_FEED_AWARENESS_US_CALIFORNIA_SUMMER,Facebook Feed,987as231,XYZ,United States,1692,228153,679.47
2026-05-09,Summer Drop Awareness,META_FOREVER21_FEED_AWARENESS_US_CALIFORNIA_SUMMER,Facebook Feed,987as231,XYZ,United States,2512,276169,1013.5
2026-05-10,Summer Drop Awareness,META_FOREVER21_FEED_AWARENESS_US_CALIFORNIA_SUMMER,Facebook Feed,987as231,XYZ,United States,2288,220794,952.29
2026-05-11,Summer Drop Awareness,META_FOREVER21_FEED_AWARENESS_US_CALIFORNIA_SUMMER,Facebook Feed,987as231,XYZ,United States,2477,279429,847.9
2026-05-12,Summer Drop Awareness,META_FOREVER21_FEED_AWARENESS_US_CALIFORNIA_SUMMER,Facebook Feed,987as231,XYZ,United States,1966,265233,682.64
2026-05-13,Summer Drop Awareness,META_FOREVER21_FEED_AWARENESS_US_CALIFORNIA_SUMMER,Facebook Feed,987as231,XYZ,United States,1800,234124,644.73
2026-05-14,Summer Drop Awareness,META_FOREVER21_FEED_AWARENESS_US_CALIFORNIA_SUMMER,Facebook Feed,987as231,XYZ,United States,2243,226196,945.22
2026-05-15,Summer Drop Awareness,META_FOREVER21_FEED_AWARENESS_US_CALIFORNIA_SUMMER,Facebook Feed,987as231,XYZ,United States,2270,232175,761.46
2026-05-16,Summer Drop Awareness,META_FOREVER21_FEED_AWARENESS_US_CALIFORNIA_SUMMER,Facebook Feed,987as231,XYZ,United States,2545,263831,865.47
2026-05-17,Summer Drop Awareness,META_FOREVER21_FEED_AWARENESS_US_CALIFORNIA_SUMMER,Facebook Feed,987as231,XYZ,United States,1714,215640,636.54
2026-05-18,Summer Drop Awareness,META_FOREVER21_FEED_AWARENESS_US_CALIFORNIA_SUMMER,Facebook Feed,987as231,XYZ,United States,2637,250226,1051.01
2026-05-19,Summer Drop Awareness,META_FOREVER21_FEED_AWARENESS_US_CALIFORNIA_SUMMER,Facebook Feed,987as231,XYZ,United States,1658,232988,692.96
2026-05-20,Summer Drop Awareness,META_FOREVER21_FEED_AWARENESS_US_CALIFORNIA_SUMMER,Facebook Feed,987as231,XYZ,United States,2154,231553,763.34
2026-05-21,Summer Drop Awareness,META_FOREVER21_FEED_AWARENESS_US_CALIFORNIA_SUMMER,Facebook Feed,987as231,XYZ,United States,1578,217021,635.29
2026-05-22,Summer Drop Awareness,META_FOREVER21_FEED_AWARENESS_US_CALIFORNIA_SUMMER,Facebook Feed,987as231,XYZ,United States,2187,259516,840.88
2026-05-23,Summer Drop Awareness,META_FOREVER21_FEED_AWARENESS_US_CALIFORNIA_SUMMER,Facebook Feed,987as231,XYZ,United States,2217,247374,875.64
2026-05-24,Summer Drop Awareness,META_FOREVER21_FEED_AWARENESS_US_CALIFORNIA_SUMMER,Facebook Feed,987as231,XYZ,United States,1727,224657,696.38
2026-05-25,Summer Drop Awareness,META_FOREVER21_FEED_AWARENESS_US_CALIFORNIA_SUMMER,Facebook Feed,987as231,XYZ,United States,1973,283582,740.16
2026-05-26,Summer Drop Awareness,META_FOREVER21_FEED_AWARENESS_US_CALIFORNIA_SUMMER,Facebook Feed,987as231,XYZ,United States,1863,268338,718.84
2026-05-27,Summer Drop Awareness,META_FOREVER21_FEED_AWARENESS_US_CALIFORNIA_SUMMER,Facebook Feed,987as231,XYZ,United States,1897,210558,721.81
2026-05-28,Summer Drop Awareness,META_FOREVER21_FEED_AWARENESS_US_CALIFORNIA_SUMMER,Facebook Feed,987as231,XYZ,United States,1862,256543,678.37
2026-05-29,Summer Drop Awareness,META_FOREVER21_FEED_AWARENESS_US_CALIFORNIA_SUMMER,Facebook Feed,987as231,XYZ,United States,1790,251830,632.11
2026-05-30,Summer Drop Awareness,META_FOREVER21_FEED_AWARENESS_US_CALIFORNIA_SUMMER,Facebook Feed,987as231,XYZ,United States,1802,257483,686.47
2026-05-31,Summer Drop Awareness,META_FOREVER21_FEED_AWARENESS_US_CALIFORNIA_SUMMER,Facebook Feed,987as231,XYZ,United States,2387,277782,909.94
2026-06-01,Summer Drop Awareness,META_FOREVER21_FEED_AWARENESS_US_CALIFORNIA_SUMMER,Facebook Feed,987as231,XYZ,United States,1686,246111,634.9
2026-06-02,Summer Drop Awareness,META_FOREVER21_FEED_AWARENESS_US_CALIFORNIA_SUMMER,Facebook Feed,987as231,XYZ,United States,2715,277622,1005.94
2026-06-03,Summer Drop Awareness,META_FOREVER21_FEED_AWARENESS_US_CALIFORNIA_SUMMER,Facebook Feed,987as231,XYZ,United States,2751,278480,1065.03
2026-06-04,Summer Drop Awareness,META_FOREVER21_FEED_AWARENESS_US_CALIFORNIA_SUMMER,Facebook Feed,987as231,XYZ,United States,1696,209076,577.0
2026-06-05,Summer Drop Awareness,META_FOREVER21_FEED_AWARENESS_US_CALIFORNIA_SUMMER,Facebook Feed,987as231,XYZ,United States,3154,294471,1074.55
2026-06-06,Summer Drop Awareness,META_FOREVER21_FEED_AWARENESS_US_CALIFORNIA_SUMMER,Facebook Feed,987as231,XYZ,United States,1948,289039,724.05
2026-06-07,Summer Drop Awareness,META_FOREVER21_FEED_AWARENESS_US_CALIFORNIA_SUMMER,Facebook Feed,987as231,XYZ,United States,2733,274207,1157.76
2026-06-08,Summer Drop Awareness,META_FOREVER21_FEED_AWARENESS_US_CALIFORNIA_SUMMER,Facebook Feed,987as231,XYZ,United States,2223,263129,944.66
2026-06-09,Summer Drop Awareness,META_FOREVER21_FEED_AWARENESS_US_CALIFORNIA_SUMMER,Facebook Feed,987as231,XYZ,United States,2496,239423,1041.07
2026-06-10,Summer Drop Awareness,META_FOREVER21_FEED_AWARENESS_US_CALIFORNIA_SUMMER,Facebook Feed,987as231,XYZ,United States,2293,238808,905.17
2026-06-11,Summer Drop Awareness,META_FOREVER21_FEED_AWARENESS_US_CALIFORNIA_SUMMER,Facebook Feed,987as231,XYZ,United States,2402,253537,879.41
2026-06-12,Summer Drop Awareness,META_FOREVER21_FEED_AWARENESS_US_CALIFORNIA_SUMMER,Facebook Feed,987as231,XYZ,United States,1981,221062,757.99
2026-06-13,Summer Drop Awareness,META_FOREVER21_FEED_AWARENESS_US_CALIFORNIA_SUMMER,Facebook Feed,987as231,XYZ,United States,2050,270507,686.17
2026-06-14,Summer Drop Awareness,META_FOREVER21_FEED_AWARENESS_US_CALIFORNIA_SUMMER,Facebook Feed,987as231,XYZ,United States,1638,207046,648.36
2026-06-15,Summer Drop Awareness,META_FOREVER21_FEED_AWARENESS_US_CALIFORNIA_SUMMER,Facebook Feed,987as231,XYZ,United States,2270,254000,929.54
2026-06-16,Summer Drop Awareness,META_FOREVER21_FEED_AWARENESS_US_CALIFORNIA_SUMMER,Facebook Feed,987as231,XYZ,United States,1846,227276,663.71
2026-06-17,Summer Drop Awareness,META_FOREVER21_FEED_AWARENESS_US_CALIFORNIA_SUMMER,Facebook Feed,987as231,XYZ,United States,2832,289366,976.17
2026-06-18,Summer Drop Awareness,META_FOREVER21_FEED_AWARENESS_US_CALIFORNIA_SUMMER,Facebook Feed,987as231,XYZ,United States,2346,277853,948.4
2026-06-19,Summer Drop Awareness,META_FOREVER21_FEED_AWARENESS_US_CALIFORNIA_SUMMER,Facebook Feed,987as231,XYZ,United States,1897,284538,670.01
2026-06-20,Summer Drop Awareness,META_FOREVER21_FEED_AWARENESS_US_CALIFORNIA_SUMMER,Facebook Feed,987as231,XYZ,United States,1444,214080,561.6
2026-06-21,Summer Drop Awareness,META_FOREVER21_FEED_AWARENESS_US_CALIFORNIA_SUMMER,Facebook Feed,987as231,XYZ,United States,1828,268295,734.74
2026-06-22,Summer Drop Awareness,META_FOREVER21_FEED_AWARENESS_US_CALIFORNIA_SUMMER,Facebook Feed,987as231,XYZ,United States,1840,241203,651.76
2026-06-23,Summer Drop Awareness,META_FOREVER21_FEED_AWARENESS_US_CALIFORNIA_SUMMER,Facebook Feed,987as231,XYZ,United States,1936,282735,736.37
2026-06-24,Summer Drop Awareness,META_FOREVER21_FEED_AWARENESS_US_CALIFORNIA_SUMMER,Facebook Feed,987as231,XYZ,United States,2354,231033,944.22
2026-06-25,Summer Drop Awareness,META_FOREVER21_FEED_AWARENESS_US_CALIFORNIA_SUMMER,Facebook Feed,987as231,XYZ,United States,2157,233701,853.6
2026-06-26,Summer Drop Awareness,META_FOREVER21_FEED_AWARENESS_US_CALIFORNIA_SUMMER,Facebook Feed,987as231,XYZ,United States,1853,233859,643.85
2026-06-27,Summer Drop Awareness,META_FOREVER21_FEED_AWARENESS_US_CALIFORNIA_SUMMER,Facebook Feed,987as231,XYZ,United States,2002,264419,724.33
2026-06-28,Summer Drop Awareness,META_FOREVER21_FEED_AWARENESS_US_CALIFORNIA_SUMMER,Facebook Feed,987as231,XYZ,United States,2267,210486,939.97
2026-06-29,Summer Drop Awareness,META_FOREVER21_FEED_AWARENESS_US_CALIFORNIA_SUMMER,Facebook Feed,987as231,XYZ,United States,2685,287041,1002.47
2026-06-30,Summer Drop Awareness,META_FOREVER21_FEED_AWARENESS_US_CALIFORNIA_SUMMER,Facebook Feed,987as231,XYZ,United States,2715,249605,1141.04
2026-05-01,Stories Checkout Push,META_XYZ_STORY_CONVERSION_US_NEWYORK_SUMMER,Instagram Stories,987as231,XYZ,United States,1468,116785,1333.93
2026-05-02,Stories Checkout Push,META_XYZ_STORY_CONVERSION_US_NEWYORK_SUMMER,Instagram Stories,987as231,XYZ,United States,967,106686,891.41
2026-05-03,Stories Checkout Push,META_XYZ_STORY_CONVERSION_US_NEWYORK_SUMMER,Instagram Stories,987as231,XYZ,United States,1303,120074,1341.63
2026-05-04,Stories Checkout Push,META_XYZ_STORY_CONVERSION_US_NEWYORK_SUMMER,Instagram Stories,987as231,XYZ,United States,1239,102109,1263.43
2026-05-05,Stories Checkout Push,META_XYZ_STORY_CONVERSION_US_NEWYORK_SUMMER,Instagram Stories,987as231,XYZ,United States,1434,126423,1515.24
2026-05-06,Stories Checkout Push,META_XYZ_STORY_CONVERSION_US_NEWYORK_SUMMER,Instagram Stories,987as231,XYZ,United States,1009,112268,899.39
2026-05-07,Stories Checkout Push,META_XYZ_STORY_CONVERSION_US_NEWYORK_SUMMER,Instagram Stories,987as231,XYZ,United States,1160,98252,1213.67
2026-05-08,Stories Checkout Push,META_XYZ_STORY_CONVERSION_US_NEWYORK_SUMMER,Instagram Stories,987as231,XYZ,United States,1083,123746,1084.31
2026-05-09,Stories Checkout Push,META_XYZ_STORY_CONVERSION_US_NEWYORK_SUMMER,Instagram Stories,987as231,XYZ,United States,950,97743,940.12
2026-05-10,Stories Checkout Push,META_XYZ_STORY_CONVERSION_US_NEWYORK_SUMMER,Instagram Stories,987as231,XYZ,United States,1489,114075,1308.68
2026-05-11,Stories Checkout Push,META_XYZ_STORY_CONVERSION_US_NEWYORK_SUMMER,Instagram Stories,987as231,XYZ,United States,1472,120363,1418.15
2026-05-12,Stories Checkout Push,META_XYZ_STORY_CONVERSION_US_NEWYORK_SUMMER,Instagram Stories,987as231,XYZ,United States,1422,109184,1296.74
2026-05-13,Stories Checkout Push,META_XYZ_STORY_CONVERSION_US_NEWYORK_SUMMER,Instagram Stories,987as231,XYZ,United States,1067,128097,1120.0
2026-05-14,Stories Checkout Push,META_XYZ_STORY_CONVERSION_US_NEWYORK_SUMMER,Instagram Stories,987as231,XYZ,United States,1141,128298,1213.91
2026-05-15,Stories Checkout Push,META_XYZ_STORY_CONVERSION_US_NEWYORK_SUMMER,Instagram Stories,987as231,XYZ,United States,1046,109165,1018.6
2026-05-16,Stories Checkout Push,META_XYZ_STORY_CONVERSION_US_NEWYORK_SUMMER,Instagram Stories,987as231,XYZ,United States,1305,98298,1255.25
2026-05-17,Stories Checkout Push,META_XYZ_STORY_CONVERSION_US_NEWYORK_SUMMER,Instagram Stories,987as231,XYZ,United States,1250,120910,1197.09
2026-05-18,Stories Checkout Push,META_XYZ_STORY_CONVERSION_US_NEWYORK_SUMMER,Instagram Stories,987as231,XYZ,United States,1011,104426,963.4
2026-05-19,Stories Checkout Push,META_XYZ_STORY_CONVERSION_US_NEWYORK_SUMMER,Instagram Stories,987as231,XYZ,United States,966,109892,1023.71
2026-05-20,Stories Checkout Push,META_XYZ_STORY_CONVERSION_US_NEWYORK_SUMMER,Instagram Stories,987as231,XYZ,United States,1399,108791,1461.21
2026-05-21,Stories Checkout Push,META_XYZ_STORY_CONVERSION_US_NEWYORK_SUMMER,Instagram Stories,987as231,XYZ,United States,1104,104879,1064.54
2026-05-22,Stories Checkout Push,META_XYZ_STORY_CONVERSION_US_NEWYORK_SUMMER,Instagram Stories,987as231,XYZ,United States,895,98962,801.43
2026-05-23,Stories Checkout Push,META_XYZ_STORY_CONVERSION_US_NEWYORK_SUMMER,Instagram Stories,987as231,XYZ,United States,1454,127216,1353.98
2026-05-24,Stories Checkout Push,META_XYZ_STORY_CONVERSION_US_NEWYORK_SUMMER,Instagram Stories,987as231,XYZ,United States,968,96235,893.08
2026-05-25,Stories Checkout Push,META_XYZ_STORY_CONVERSION_US_NEWYORK_SUMMER,Instagram Stories,987as231,XYZ,United States,1354,123201,1334.03
2026-05-26,Stories Checkout Push,META_XYZ_STORY_CONVERSION_US_NEWYORK_SUMMER,Instagram Stories,987as231,XYZ,United States,1133,117319,1159.42
2026-05-27,Stories Checkout Push,META_XYZ_STORY_CONVERSION_US_NEWYORK_SUMMER,Instagram Stories,987as231,XYZ,United States,1513,128473,1434.11
2026-05-28,Stories Checkout Push,META_XYZ_STORY_CONVERSION_US_NEWYORK_SUMMER,Instagram Stories,987as231,XYZ,United States,1222,96862,1068.75
2026-05-29,Stories Checkout Push,META_XYZ_STORY_CONVERSION_US_NEWYORK_SUMMER,Instagram Stories,987as231,XYZ,United States,1298,118724,1356.48
2026-05-30,Stories Checkout Push,META_XYZ_STORY_CONVERSION_US_NEWYORK_SUMMER,Instagram Stories,987as231,XYZ,United States,1315,111668,1116.95
2026-05-31,Stories Checkout Push,META_XYZ_STORY_CONVERSION_US_NEWYORK_SUMMER,Instagram Stories,987as231,XYZ,United States,1181,91539,1241.82
2026-06-01,Stories Checkout Push,META_XYZ_STORY_CONVERSION_US_NEWYORK_SUMMER,Instagram Stories,987as231,XYZ,United States,1452,116661,1350.4
2026-06-02,Stories Checkout Push,META_XYZ_STORY_CONVERSION_US_NEWYORK_SUMMER,Instagram Stories,987as231,XYZ,United States,1176,123564,1172.75
2026-06-03,Stories Checkout Push,META_XYZ_STORY_CONVERSION_US_NEWYORK_SUMMER,Instagram Stories,987as231,XYZ,United States,999,90562,920.17
2026-06-04,Stories Checkout Push,META_XYZ_STORY_CONVERSION_US_NEWYORK_SUMMER,Instagram Stories,987as231,XYZ,United States,1366,114666,1333.99
2026-06-05,Stories Checkout Push,META_XYZ_STORY_CONVERSION_US_NEWYORK_SUMMER,Instagram Stories,987as231,XYZ,United States,1195,109334,1000.82
2026-06-06,Stories Checkout Push,META_XYZ_STORY_CONVERSION_US_NEWYORK_SUMMER,Instagram Stories,987as231,XYZ,United States,931,112045,890.69
2026-06-07,Stories Checkout Push,META_XYZ_STORY_CONVERSION_US_NEWYORK_SUMMER,Instagram Stories,987as231,XYZ,United States,1377,101079,1156.55
2026-06-08,Stories Checkout Push,META_XYZ_STORY_CONVERSION_US_NEWYORK_SUMMER,Instagram Stories,987as231,XYZ,United States,1463,122401,1491.98
2026-06-09,Stories Checkout Push,META_XYZ_STORY_CONVERSION_US_NEWYORK_SUMMER,Instagram Stories,987as231,XYZ,United States,1115,126227,956.62
2026-06-10,Stories Checkout Push,META_XYZ_STORY_CONVERSION_US_NEWYORK_SUMMER,Instagram Stories,987as231,XYZ,United States,894,96096,854.69
2026-06-11,Stories Checkout Push,META_XYZ_STORY_CONVERSION_US_NEWYORK_SUMMER,Instagram Stories,987as231,XYZ,United States,1190,122482,1102.53
2026-06-12,Stories Checkout Push,META_XYZ_STORY_CONVERSION_US_NEWYORK_SUMMER,Instagram Stories,987as231,XYZ,United States,1100,104972,1061.3
2026-06-13,Stories Checkout Push,META_XYZ_STORY_CONVERSION_US_NEWYORK_SUMMER,Instagram Stories,987as231,XYZ,United States,1228,129413,1218.13
2026-06-14,Stories Checkout Push,META_XYZ_STORY_CONVERSION_US_NEWYORK_SUMMER,Instagram Stories,987as231,XYZ,United States,1466,123775,1512.43
2026-06-15,Stories Checkout Push,META_XYZ_STORY_CONVERSION_US_NEWYORK_SUMMER,Instagram Stories,987as231,XYZ,United States,1054,120279,972.29
2026-06-16,Stories Checkout Push,META_XYZ_STORY_CONVERSION_US_NEWYORK_SUMMER,Instagram Stories,987as231,XYZ,United States,959,112086,803.79
2026-06-17,Stories Checkout Push,META_XYZ_STORY_CONVERSION_US_NEWYORK_SUMMER,Instagram Stories,987as231,XYZ,United States,1066,96986,996.64
2026-06-18,Stories Checkout Push,META_XYZ_STORY_CONVERSION_US_NEWYORK_SUMMER,Instagram Stories,987as231,XYZ,United States,1377,121261,1420.53
2026-06-19,Stories Checkout Push,META_XYZ_STORY_CONVERSION_US_NEWYORK_SUMMER,Instagram Stories,987as231,XYZ,United States,1048,93976,886.3
2026-06-20,Stories Checkout Push,META_XYZ_STORY_CONVERSION_US_NEWYORK_SUMMER,Instagram Stories,987as231,XYZ,United States,1283,98572,1332.22
2026-06-21,Stories Checkout Push,META_XYZ_STORY_CONVERSION_US_NEWYORK_SUMMER,Instagram Stories,987as231,XYZ,United States,927,109029,790.69
2026-06-22,Stories Checkout Push,META_XYZ_STORY_CONVERSION_US_NEWYORK_SUMMER,Instagram Stories,987as231,XYZ,United States,1673,126853,1613.58
2026-06-23,Stories Checkout Push,META_XYZ_STORY_CONVERSION_US_NEWYORK_SUMMER,Instagram Stories,987as231,XYZ,United States,1222,91502,1109.21
2026-06-24,Stories Checkout Push,META_XYZ_STORY_CONVERSION_US_NEWYORK_SUMMER,Instagram Stories,987as231,XYZ,United States,1472,128274,1483.06
2026-06-25,Stories Checkout Push,META_XYZ_STORY_CONVERSION_US_NEWYORK_SUMMER,Instagram Stories,987as231,XYZ,United States,1236,118423,1054.98
2026-06-26,Stories Checkout Push,META_XYZ_STORY_CONVERSION_US_NEWYORK_SUMMER,Instagram Stories,987as231,XYZ,United States,925,96633,949.33
2026-06-27,Stories Checkout Push,META_XYZ_STORY_CONVERSION_US_NEWYORK_SUMMER,Instagram Stories,987as231,XYZ,United States,1392,105610,1269.0
2026-06-28,Stories Checkout Push,META_XYZ_STORY_CONVERSION_US_NEWYORK_SUMMER,Instagram Stories,987as231,XYZ,United States,1083,120122,1149.47
2026-06-29,Stories Checkout Push,META_XYZ_STORY_CONVERSION_US_NEWYORK_SUMMER,Instagram Stories,987as231,XYZ,United States,1308,118876,1384.05
2026-06-30,Stories Checkout Push,META_XYZ_STORY_CONVERSION_US_NEWYORK_SUMMER,Instagram Stories,987as231,XYZ,United States,983,92326,1009.76
2026-05-01,Reels GRWM Summer,META_XYZ_REELS_AWARENESS_US_FLORIDA_SUMMER,Instagram Reels,987as231,XYZ,United States,3454,320488,1187.63
2026-05-02,Reels GRWM Summer,META_XYZ_REELS_AWARENESS_US_FLORIDA_SUMMER,Instagram Reels,987as231,XYZ,United States,3535,327356,972.14
2026-05-03,Reels GRWM Summer,META_XYZ_REELS_AWARENESS_US_FLORIDA_SUMMER,Instagram Reels,987as231,XYZ,United States,3697,312255,1143.49
2026-05-04,Reels GRWM Summer,META_XYZ_REELS_AWARENESS_US_FLORIDA_SUMMER,Instagram Reels,987as231,XYZ,United States,3737,322351,1139.52
2026-05-05,Reels GRWM Summer,META_XYZ_REELS_AWARENESS_US_FLORIDA_SUMMER,Instagram Reels,987as231,XYZ,United States,3715,361994,1037.14
2026-05-06,Reels GRWM Summer,META_XYZ_REELS_AWARENESS_US_FLORIDA_SUMMER,Instagram Reels,987as231,XYZ,United States,3869,354518,1260.73
2026-05-07,Reels GRWM Summer,META_XYZ_REELS_AWARENESS_US_FLORIDA_SUMMER,Instagram Reels,987as231,XYZ,United States,2269,288841,739.12
2026-05-08,Reels GRWM Summer,META_XYZ_REELS_AWARENESS_US_FLORIDA_SUMMER,Instagram Reels,987as231,XYZ,United States,3791,356389,1123.5
2026-05-09,Reels GRWM Summer,META_XYZ_REELS_AWARENESS_US_FLORIDA_SUMMER,Instagram Reels,987as231,XYZ,United States,2086,291841,616.9
2026-05-10,Reels GRWM Summer,META_XYZ_REELS_AWARENESS_US_FLORIDA_SUMMER,Instagram Reels,987as231,XYZ,United States,2714,322853,767.14
2026-05-11,Reels GRWM Summer,META_XYZ_REELS_AWARENESS_US_FLORIDA_SUMMER,Instagram Reels,987as231,XYZ,United States,2793,301736,877.2
2026-05-12,Reels GRWM Summer,META_XYZ_REELS_AWARENESS_US_FLORIDA_SUMMER,Instagram Reels,987as231,XYZ,United States,2383,328744,712.83
2026-05-13,Reels GRWM Summer,META_XYZ_REELS_AWARENESS_US_FLORIDA_SUMMER,Instagram Reels,987as231,XYZ,United States,2891,290191,858.45
2026-05-14,Reels GRWM Summer,META_XYZ_REELS_AWARENESS_US_FLORIDA_SUMMER,Instagram Reels,987as231,XYZ,United States,2774,325953,836.78
2026-05-15,Reels GRWM Summer,META_XYZ_REELS_AWARENESS_US_FLORIDA_SUMMER,Instagram Reels,987as231,XYZ,United States,3298,289167,1121.81
2026-05-16,Reels GRWM Summer,META_XYZ_REELS_AWARENESS_US_FLORIDA_SUMMER,Instagram Reels,987as231,XYZ,United States,3922,398528,1119.41
2026-05-17,Reels GRWM Summer,META_XYZ_REELS_AWARENESS_US_FLORIDA_SUMMER,Instagram Reels,987as231,XYZ,United States,2533,325401,747.75
2026-05-18,Reels GRWM Summer,META_XYZ_REELS_AWARENESS_US_FLORIDA_SUMMER,Instagram Reels,987as231,XYZ,United States,2518,339158,768.34
2026-05-19,Reels GRWM Summer,META_XYZ_REELS_AWARENESS_US_FLORIDA_SUMMER,Instagram Reels,987as231,XYZ,United States,3113,330342,867.04
2026-05-20,Reels GRWM Summer,META_XYZ_REELS_AWARENESS_US_FLORIDA_SUMMER,Instagram Reels,987as231,XYZ,United States,2568,309608,819.97
2026-05-21,Reels GRWM Summer,META_XYZ_REELS_AWARENESS_US_FLORIDA_SUMMER,Instagram Reels,987as231,XYZ,United States,2830,351481,794.55
2026-05-22,Reels GRWM Summer,META_XYZ_REELS_AWARENESS_US_FLORIDA_SUMMER,Instagram Reels,987as231,XYZ,United States,3676,316090,1093.67
2026-05-23,Reels GRWM Summer,META_XYZ_REELS_AWARENESS_US_FLORIDA_SUMMER,Instagram Reels,987as231,XYZ,United States,3882,354711,1154.19
2026-05-24,Reels GRWM Summer,META_XYZ_REELS_AWARENESS_US_FLORIDA_SUMMER,Instagram Reels,987as231,XYZ,United States,3517,319771,1184.34
2026-05-25,Reels GRWM Summer,META_XYZ_REELS_AWARENESS_US_FLORIDA_SUMMER,Instagram Reels,987as231,XYZ,United States,3093,398045,917.56
2026-05-26,Reels GRWM Summer,META_XYZ_REELS_AWARENESS_US_FLORIDA_SUMMER,Instagram Reels,987as231,XYZ,United States,3189,394746,944.5
2026-05-27,Reels GRWM Summer,META_XYZ_REELS_AWARENESS_US_FLORIDA_SUMMER,Instagram Reels,987as231,XYZ,United States,4653,396863,1370.23
2026-05-28,Reels GRWM Summer,META_XYZ_REELS_AWARENESS_US_FLORIDA_SUMMER,Instagram Reels,987as231,XYZ,United States,3441,363862,1086.14
2026-05-29,Reels GRWM Summer,META_XYZ_REELS_AWARENESS_US_FLORIDA_SUMMER,Instagram Reels,987as231,XYZ,United States,2748,308472,916.59
2026-05-30,Reels GRWM Summer,META_XYZ_REELS_AWARENESS_US_FLORIDA_SUMMER,Instagram Reels,987as231,XYZ,United States,2505,326895,788.45
2026-05-31,Reels GRWM Summer,META_XYZ_REELS_AWARENESS_US_FLORIDA_SUMMER,Instagram Reels,987as231,XYZ,United States,3413,351288,1104.17
2026-06-01,Reels GRWM Summer,META_XYZ_REELS_AWARENESS_US_FLORIDA_SUMMER,Instagram Reels,987as231,XYZ,United States,4033,346132,1238.71
2026-06-02,Reels GRWM Summer,META_XYZ_REELS_AWARENESS_US_FLORIDA_SUMMER,Instagram Reels,987as231,XYZ,United States,3365,365504,990.91
2026-06-03,Reels GRWM Summer,META_XYZ_REELS_AWARENESS_US_FLORIDA_SUMMER,Instagram Reels,987as231,XYZ,United States,4005,363603,1329.65
2026-06-04,Reels GRWM Summer,META_XYZ_REELS_AWARENESS_US_FLORIDA_SUMMER,Instagram Reels,987as231,XYZ,United States,3123,328878,999.11
2026-06-05,Reels GRWM Summer,META_XYZ_REELS_AWARENESS_US_FLORIDA_SUMMER,Instagram Reels,987as231,XYZ,United States,3162,308423,1030.85
2026-06-06,Reels GRWM Summer,META_XYZ_REELS_AWARENESS_US_FLORIDA_SUMMER,Instagram Reels,987as231,XYZ,United States,2806,375382,972.3
2026-06-07,Reels GRWM Summer,META_XYZ_REELS_AWARENESS_US_FLORIDA_SUMMER,Instagram Reels,987as231,XYZ,United States,3046,337458,945.76
2026-06-08,Reels GRWM Summer,META_XYZ_REELS_AWARENESS_US_FLORIDA_SUMMER,Instagram Reels,987as231,XYZ,United States,4075,391456,1276.48
2026-06-09,Reels GRWM Summer,META_XYZ_REELS_AWARENESS_US_FLORIDA_SUMMER,Instagram Reels,987as231,XYZ,United States,3317,375584,1125.87
2026-06-10,Reels GRWM Summer,META_XYZ_REELS_AWARENESS_US_FLORIDA_SUMMER,Instagram Reels,987as231,XYZ,United States,3499,344517,976.65
2026-06-11,Reels GRWM Summer,META_XYZ_REELS_AWARENESS_US_FLORIDA_SUMMER,Instagram Reels,987as231,XYZ,United States,3821,372919,1143.29
2026-06-12,Reels GRWM Summer,META_XYZ_REELS_AWARENESS_US_FLORIDA_SUMMER,Instagram Reels,987as231,XYZ,United States,2626,357992,908.54
2026-06-13,Reels GRWM Summer,META_XYZ_REELS_AWARENESS_US_FLORIDA_SUMMER,Instagram Reels,987as231,XYZ,United States,3263,361722,1072.87
2026-06-14,Reels GRWM Summer,META_XYZ_REELS_AWARENESS_US_FLORIDA_SUMMER,Instagram Reels,987as231,XYZ,United States,3640,397003,995.85
2026-06-15,Reels GRWM Summer,META_XYZ_REELS_AWARENESS_US_FLORIDA_SUMMER,Instagram Reels,987as231,XYZ,United States,2965,310469,923.3
2026-06-16,Reels GRWM Summer,META_XYZ_REELS_AWARENESS_US_FLORIDA_SUMMER,Instagram Reels,987as231,XYZ,United States,3448,349855,1054.97
2026-06-17,Reels GRWM Summer,META_XYZ_REELS_AWARENESS_US_FLORIDA_SUMMER,Instagram Reels,987as231,XYZ,United States,3525,326674,1115.98
2026-06-18,Reels GRWM Summer,META_XYZ_REELS_AWARENESS_US_FLORIDA_SUMMER,Instagram Reels,987as231,XYZ,United States,2980,340057,818.39
2026-06-19,Reels GRWM Summer,META_XYZ_REELS_AWARENESS_US_FLORIDA_SUMMER,Instagram Reels,987as231,XYZ,United States,2653,291596,913.57
2026-06-20,Reels GRWM Summer,META_XYZ_REELS_AWARENESS_US_FLORIDA_SUMMER,Instagram Reels,987as231,XYZ,United States,3396,293006,962.22
2026-06-21,Reels GRWM Summer,META_XYZ_REELS_AWARENESS_US_FLORIDA_SUMMER,Instagram Reels,987as231,XYZ,United States,2944,316975,848.43
2026-06-22,Reels GRWM Summer,META_XYZ_REELS_AWARENESS_US_FLORIDA_SUMMER,Instagram Reels,987as231,XYZ,United States,3171,337910,968.42
2026-06-23,Reels GRWM Summer,META_XYZ_REELS_AWARENESS_US_FLORIDA_SUMMER,Instagram Reels,987as231,XYZ,United States,3145,364083,928.21
2026-06-24,Reels GRWM Summer,META_XYZ_REELS_AWARENESS_US_FLORIDA_SUMMER,Instagram Reels,987as231,XYZ,United States,2899,377966,974.0
2026-06-25,Reels GRWM Summer,META_XYZ_REELS_AWARENESS_US_FLORIDA_SUMMER,Instagram Reels,987as231,XYZ,United States,3703,358111,1055.46
2026-06-26,Reels GRWM Summer,META_XYZ_REELS_AWARENESS_US_FLORIDA_SUMMER,Instagram Reels,987as231,XYZ,United States,3307,399229,945.07
2026-06-27,Reels GRWM Summer,META_XYZ_REELS_AWARENESS_US_FLORIDA_SUMMER,Instagram Reels,987as231,XYZ,United States,2919,298400,1004.46
2026-06-28,Reels GRWM Summer,META_XYZ_REELS_AWARENESS_US_FLORIDA_SUMMER,Instagram Reels,987as231,XYZ,United States,2779,307179,796.25
2026-06-29,Reels GRWM Summer,META_XYZ_REELS_AWARENESS_US_FLORIDA_SUMMER,Instagram Reels,987as231,XYZ,United States,3278,357194,901.36
2026-06-30,Reels GRWM Summer,META_XYZ_REELS_AWARENESS_US_FLORIDA_SUMMER,Instagram Reels,987as231,XYZ,United States,2853,353966,904.0
2026-05-01,Catalog Sales Summer,META_H&M_FEED_CONVERSION_US_CALIFORNIA_SUMMER,Facebook Feed,987as231,XYZ,United States,1348,94078,1102.48
2026-05-02,Catalog Sales Summer,META_H&M_FEED_CONVERSION_US_CALIFORNIA_SUMMER,Facebook Feed,987as231,XYZ,United States,1604,106902,1263.33
2026-05-03,Catalog Sales Summer,META_H&M_FEED_CONVERSION_US_CALIFORNIA_SUMMER,Facebook Feed,987as231,XYZ,United States,1294,83949,1053.17
2026-05-04,Catalog Sales Summer,META_H&M_FEED_CONVERSION_US_CALIFORNIA_SUMMER,Facebook Feed,987as231,XYZ,United States,1168,91860,969.22
2026-05-05,Catalog Sales Summer,META_H&M_FEED_CONVERSION_US_CALIFORNIA_SUMMER,Facebook Feed,987as231,XYZ,United States,1460,110793,1327.69
2026-05-06,Catalog Sales Summer,META_H&M_FEED_CONVERSION_US_CALIFORNIA_SUMMER,Facebook Feed,987as231,XYZ,United States,1391,101421,1249.64
2026-05-07,Catalog Sales Summer,META_H&M_FEED_CONVERSION_US_CALIFORNIA_SUMMER,Facebook Feed,987as231,XYZ,United States,1412,92634,1277.56
2026-05-08,Catalog Sales Summer,META_H&M_FEED_CONVERSION_US_CALIFORNIA_SUMMER,Facebook Feed,987as231,XYZ,United States,1563,109068,1308.58
2026-05-09,Catalog Sales Summer,META_H&M_FEED_CONVERSION_US_CALIFORNIA_SUMMER,Facebook Feed,987as231,XYZ,United States,1051,102039,843.63
2026-05-10,Catalog Sales Summer,META_H&M_FEED_CONVERSION_US_CALIFORNIA_SUMMER,Facebook Feed,987as231,XYZ,United States,991,84518,805.74
2026-05-11,Catalog Sales Summer,META_H&M_FEED_CONVERSION_US_CALIFORNIA_SUMMER,Facebook Feed,987as231,XYZ,United States,1370,104824,1181.94
2026-05-12,Catalog Sales Summer,META_H&M_FEED_CONVERSION_US_CALIFORNIA_SUMMER,Facebook Feed,987as231,XYZ,United States,1043,85223,848.62
2026-05-13,Catalog Sales Summer,META_H&M_FEED_CONVERSION_US_CALIFORNIA_SUMMER,Facebook Feed,987as231,XYZ,United States,1465,102780,1334.14
2026-05-14,Catalog Sales Summer,META_H&M_FEED_CONVERSION_US_CALIFORNIA_SUMMER,Facebook Feed,987as231,XYZ,United States,1544,115636,1355.34
2026-05-15,Catalog Sales Summer,META_H&M_FEED_CONVERSION_US_CALIFORNIA_SUMMER,Facebook Feed,987as231,XYZ,United States,1006,85309,874.87
2026-05-16,Catalog Sales Summer,META_H&M_FEED_CONVERSION_US_CALIFORNIA_SUMMER,Facebook Feed,987as231,XYZ,United States,993,82251,770.99
2026-05-17,Catalog Sales Summer,META_H&M_FEED_CONVERSION_US_CALIFORNIA_SUMMER,Facebook Feed,987as231,XYZ,United States,1281,85176,1252.77
2026-05-18,Catalog Sales Summer,META_H&M_FEED_CONVERSION_US_CALIFORNIA_SUMMER,Facebook Feed,987as231,XYZ,United States,1273,98191,1169.9
2026-05-19,Catalog Sales Summer,META_H&M_FEED_CONVERSION_US_CALIFORNIA_SUMMER,Facebook Feed,987as231,XYZ,United States,1445,95023,1268.15
2026-05-20,Catalog Sales Summer,META_H&M_FEED_CONVERSION_US_CALIFORNIA_SUMMER,Facebook Feed,987as231,XYZ,United States,828,83276,774.29
2026-05-21,Catalog Sales Summer,META_H&M_FEED_CONVERSION_US_CALIFORNIA_SUMMER,Facebook Feed,987as231,XYZ,United States,1045,90664,927.9
2026-05-22,Catalog Sales Summer,META_H&M_FEED_CONVERSION_US_CALIFORNIA_SUMMER,Facebook Feed,987as231,XYZ,United States,1097,86294,1021.55
2026-05-23,Catalog Sales Summer,META_H&M_FEED_CONVERSION_US_CALIFORNIA_SUMMER,Facebook Feed,987as231,XYZ,United States,1430,107381,1141.58
2026-05-24,Catalog Sales Summer,META_H&M_FEED_CONVERSION_US_CALIFORNIA_SUMMER,Facebook Feed,987as231,XYZ,United States,1247,84389,1182.5
2026-05-25,Catalog Sales Summer,META_H&M_FEED_CONVERSION_US_CALIFORNIA_SUMMER,Facebook Feed,987as231,XYZ,United States,1408,93302,1102.73
2026-05-26,Catalog Sales Summer,META_H&M_FEED_CONVERSION_US_CALIFORNIA_SUMMER,Facebook Feed,987as231,XYZ,United States,1406,105725,1382.72
2026-05-27,Catalog Sales Summer,META_H&M_FEED_CONVERSION_US_CALIFORNIA_SUMMER,Facebook Feed,987as231,XYZ,United States,1271,83973,1185.95
2026-05-28,Catalog Sales Summer,META_H&M_FEED_CONVERSION_US_CALIFORNIA_SUMMER,Facebook Feed,987as231,XYZ,United States,1476,90863,1283.21
2026-05-29,Catalog Sales Summer,META_H&M_FEED_CONVERSION_US_CALIFORNIA_SUMMER,Facebook Feed,987as231,XYZ,United States,1395,92657,1209.65
2026-05-30,Catalog Sales Summer,META_H&M_FEED_CONVERSION_US_CALIFORNIA_SUMMER,Facebook Feed,987as231,XYZ,United States,1707,115426,1407.32
2026-05-31,Catalog Sales Summer,META_H&M_FEED_CONVERSION_US_CALIFORNIA_SUMMER,Facebook Feed,987as231,XYZ,United States,1478,108961,1254.01
2026-06-01,Catalog Sales Summer,META_H&M_FEED_CONVERSION_US_CALIFORNIA_SUMMER,Facebook Feed,987as231,XYZ,United States,1461,105435,1182.61
2026-06-02,Catalog Sales Summer,META_H&M_FEED_CONVERSION_US_CALIFORNIA_SUMMER,Facebook Feed,987as231,XYZ,United States,945,85272,773.11
2026-06-03,Catalog Sales Summer,META_H&M_FEED_CONVERSION_US_CALIFORNIA_SUMMER,Facebook Feed,987as231,XYZ,United States,991,82454,826.26
2026-06-04,Catalog Sales Summer,META_H&M_FEED_CONVERSION_US_CALIFORNIA_SUMMER,Facebook Feed,987as231,XYZ,United States,1177,99367,1086.48
2026-06-05,Catalog Sales Summer,META_H&M_FEED_CONVERSION_US_CALIFORNIA_SUMMER,Facebook Feed,987as231,XYZ,United States,1040,90567,993.84
2026-06-06,Catalog Sales Summer,META_H&M_FEED_CONVERSION_US_CALIFORNIA_SUMMER,Facebook Feed,987as231,XYZ,United States,1630,115128,1295.05
2026-06-07,Catalog Sales Summer,META_H&M_FEED_CONVERSION_US_CALIFORNIA_SUMMER,Facebook Feed,987as231,XYZ,United States,1698,114326,1644.42
2026-06-08,Catalog Sales Summer,META_H&M_FEED_CONVERSION_US_CALIFORNIA_SUMMER,Facebook Feed,987as231,XYZ,United States,1775,115374,1422.13
2026-06-09,Catalog Sales Summer,META_H&M_FEED_CONVERSION_US_CALIFORNIA_SUMMER,Facebook Feed,987as231,XYZ,United States,1261,110915,1165.98
2026-06-10,Catalog Sales Summer,META_H&M_FEED_CONVERSION_US_CALIFORNIA_SUMMER,Facebook Feed,987as231,XYZ,United States,1610,109588,1476.73
2026-06-11,Catalog Sales Summer,META_H&M_FEED_CONVERSION_US_CALIFORNIA_SUMMER,Facebook Feed,987as231,XYZ,United States,1318,97628,1095.46
2026-06-12,Catalog Sales Summer,META_H&M_FEED_CONVERSION_US_CALIFORNIA_SUMMER,Facebook Feed,987as231,XYZ,United States,1205,94973,1094.41
2026-06-13,Catalog Sales Summer,META_H&M_FEED_CONVERSION_US_CALIFORNIA_SUMMER,Facebook Feed,987as231,XYZ,United States,1153,111410,1018.44
2026-06-14,Catalog Sales Summer,META_H&M_FEED_CONVERSION_US_CALIFORNIA_SUMMER,Facebook Feed,987as231,XYZ,United States,1428,90175,1217.15
2026-06-15,Catalog Sales Summer,META_H&M_FEED_CONVERSION_US_CALIFORNIA_SUMMER,Facebook Feed,987as231,XYZ,United States,1352,113884,1047.69
2026-06-16,Catalog Sales Summer,META_H&M_FEED_CONVERSION_US_CALIFORNIA_SUMMER,Facebook Feed,987as231,XYZ,United States,1562,107671,1450.74
2026-06-17,Catalog Sales Summer,META_H&M_FEED_CONVERSION_US_CALIFORNIA_SUMMER,Facebook Feed,987as231,XYZ,United States,1357,96534,1153.53
2026-06-18,Catalog Sales Summer,META_H&M_FEED_CONVERSION_US_CALIFORNIA_SUMMER,Facebook Feed,987as231,XYZ,United States,1092,82594,895.88
2026-06-19,Catalog Sales Summer,META_H&M_FEED_CONVERSION_US_CALIFORNIA_SUMMER,Facebook Feed,987as231,XYZ,United States,1062,95517,882.64
2026-06-20,Catalog Sales Summer,META_H&M_FEED_CONVERSION_US_CALIFORNIA_SUMMER,Facebook Feed,987as231,XYZ,United States,1309,109583,1173.47
2026-06-21,Catalog Sales Summer,META_H&M_FEED_CONVERSION_US_CALIFORNIA_SUMMER,Facebook Feed,987as231,XYZ,United States,1294,100333,1096.02
2026-06-22,Catalog Sales Summer,META_H&M_FEED_CONVERSION_US_CALIFORNIA_SUMMER,Facebook Feed,987as231,XYZ,United States,1051,104440,836.0
2026-06-23,Catalog Sales Summer,META_H&M_FEED_CONVERSION_US_CALIFORNIA_SUMMER,Facebook Feed,987as231,XYZ,United States,1375,108015,1100.88
2026-06-24,Catalog Sales Summer,META_H&M_FEED_CONVERSION_US_CALIFORNIA_SUMMER,Facebook Feed,987as231,XYZ,United States,1395,110617,1080.49
2026-06-25,Catalog Sales Summer,META_H&M_FEED_CONVERSION_US_CALIFORNIA_SUMMER,Facebook Feed,987as231,XYZ,United States,1263,114159,1161.75
2026-06-26,Catalog Sales Summer,META_H&M_FEED_CONVERSION_US_CALIFORNIA_SUMMER,Facebook Feed,987as231,XYZ,United States,1188,85013,959.88
2026-06-27,Catalog Sales Summer,META_H&M_FEED_CONVERSION_US_CALIFORNIA_SUMMER,Facebook Feed,987as231,XYZ,United States,1306,113266,1191.92
2026-06-28,Catalog Sales Summer,META_H&M_FEED_CONVERSION_US_CALIFORNIA_SUMMER,Facebook Feed,987as231,XYZ,United States,1085,89193,1047.33
2026-06-29,Catalog Sales Summer,META_H&M_FEED_CONVERSION_US_CALIFORNIA_SUMMER,Facebook Feed,987as231,XYZ,United States,1062,86199,890.94
2026-06-30,Catalog Sales Summer,META_H&M_FEED_CONVERSION_US_CALIFORNIA_SUMMER,Facebook Feed,987as231,XYZ,United States,1183,105036,1079.89
2026-05-01,Cart Abandon Retargeting,META_XYZ_FEED_RETARGETING_US_TEXAS_SUMMER,Audience Network,987as231,XYZ,United States,824,68693,606.37
2026-05-02,Cart Abandon Retargeting,META_XYZ_FEED_RETARGETING_US_TEXAS_SUMMER,Audience Network,987as231,XYZ,United States,766,55537,591.33
2026-05-03,Cart Abandon Retargeting,META_XYZ_FEED_RETARGETING_US_TEXAS_SUMMER,Audience Network,987as231,XYZ,United States,925,52693,736.59
2026-05-04,Cart Abandon Retargeting,META_XYZ_FEED_RETARGETING_US_TEXAS_SUMMER,Audience Network,987as231,XYZ,United States,1157,75247,780.6
2026-05-05,Cart Abandon Retargeting,META_XYZ_FEED_RETARGETING_US_TEXAS_SUMMER,Audience Network,987as231,XYZ,United States,815,54111,636.5
2026-05-06,Cart Abandon Retargeting,META_XYZ_FEED_RETARGETING_US_TEXAS_SUMMER,Audience Network,987as231,XYZ,United States,795,54839,642.09
2026-05-07,Cart Abandon Retargeting,META_XYZ_FEED_RETARGETING_US_TEXAS_SUMMER,Audience Network,987as231,XYZ,United States,1011,55639,793.6
2026-05-08,Cart Abandon Retargeting,META_XYZ_FEED_RETARGETING_US_TEXAS_SUMMER,Audience Network,987as231,XYZ,United States,1107,55547,748.96
2026-05-09,Cart Abandon Retargeting,META_XYZ_FEED_RETARGETING_US_TEXAS_SUMMER,Audience Network,987as231,XYZ,United States,780,64702,597.98
2026-05-10,Cart Abandon Retargeting,META_XYZ_FEED_RETARGETING_US_TEXAS_SUMMER,Audience Network,987as231,XYZ,United States,1113,62619,848.94
2026-05-11,Cart Abandon Retargeting,META_XYZ_FEED_RETARGETING_US_TEXAS_SUMMER,Audience Network,987as231,XYZ,United States,855,55967,661.03
2026-05-12,Cart Abandon Retargeting,META_XYZ_FEED_RETARGETING_US_TEXAS_SUMMER,Audience Network,987as231,XYZ,United States,917,72293,613.51
2026-05-13,Cart Abandon Retargeting,META_XYZ_FEED_RETARGETING_US_TEXAS_SUMMER,Audience Network,987as231,XYZ,United States,1167,69816,839.54
2026-05-14,Cart Abandon Retargeting,META_XYZ_FEED_RETARGETING_US_TEXAS_SUMMER,Audience Network,987as231,XYZ,United States,1083,74673,732.14
2026-05-15,Cart Abandon Retargeting,META_XYZ_FEED_RETARGETING_US_TEXAS_SUMMER,Audience Network,987as231,XYZ,United States,746,58861,559.11
2026-05-16,Cart Abandon Retargeting,META_XYZ_FEED_RETARGETING_US_TEXAS_SUMMER,Audience Network,987as231,XYZ,United States,1117,66304,881.92
2026-05-17,Cart Abandon Retargeting,META_XYZ_FEED_RETARGETING_US_TEXAS_SUMMER,Audience Network,987as231,XYZ,United States,1284,68388,986.28
2026-05-18,Cart Abandon Retargeting,META_XYZ_FEED_RETARGETING_US_TEXAS_SUMMER,Audience Network,987as231,XYZ,United States,959,59430,711.28
2026-05-19,Cart Abandon Retargeting,META_XYZ_FEED_RETARGETING_US_TEXAS_SUMMER,Audience Network,987as231,XYZ,United States,1001,69710,661.55
2026-05-20,Cart Abandon Retargeting,META_XYZ_FEED_RETARGETING_US_TEXAS_SUMMER,Audience Network,987as231,XYZ,United States,1436,73167,1061.34
2026-05-21,Cart Abandon Retargeting,META_XYZ_FEED_RETARGETING_US_TEXAS_SUMMER,Audience Network,987as231,XYZ,United States,881,55077,666.64
2026-05-22,Cart Abandon Retargeting,META_XYZ_FEED_RETARGETING_US_TEXAS_SUMMER,Audience Network,987as231,XYZ,United States,1281,64651,1058.71
2026-05-23,Cart Abandon Retargeting,META_XYZ_FEED_RETARGETING_US_TEXAS_SUMMER,Audience Network,987as231,XYZ,United States,966,73997,776.74
2026-05-24,Cart Abandon Retargeting,META_XYZ_FEED_RETARGETING_US_TEXAS_SUMMER,Audience Network,987as231,XYZ,United States,978,65575,755.5
2026-05-25,Cart Abandon Retargeting,META_XYZ_FEED_RETARGETING_US_TEXAS_SUMMER,Audience Network,987as231,XYZ,United States,1375,70053,1083.52
2026-05-26,Cart Abandon Retargeting,META_XYZ_FEED_RETARGETING_US_TEXAS_SUMMER,Audience Network,987as231,XYZ,United States,662,52864,461.92
2026-05-27,Cart Abandon Retargeting,META_XYZ_FEED_RETARGETING_US_TEXAS_SUMMER,Audience Network,987as231,XYZ,United States,666,53397,527.06
2026-05-28,Cart Abandon Retargeting,META_XYZ_FEED_RETARGETING_US_TEXAS_SUMMER,Audience Network,987as231,XYZ,United States,1092,64152,808.28
2026-05-29,Cart Abandon Retargeting,META_XYZ_FEED_RETARGETING_US_TEXAS_SUMMER,Audience Network,987as231,XYZ,United States,1092,62051,727.1
2026-05-30,Cart Abandon Retargeting,META_XYZ_FEED_RETARGETING_US_TEXAS_SUMMER,Audience Network,987as231,XYZ,United States,1097,64842,768.42
2026-05-31,Cart Abandon Retargeting,META_XYZ_FEED_RETARGETING_US_TEXAS_SUMMER,Audience Network,987as231,XYZ,United States,959,59620,659.11
2026-06-01,Cart Abandon Retargeting,META_XYZ_FEED_RETARGETING_US_TEXAS_SUMMER,Audience Network,987as231,XYZ,United States,1158,71097,834.45
2026-06-02,Cart Abandon Retargeting,META_XYZ_FEED_RETARGETING_US_TEXAS_SUMMER,Audience Network,987as231,XYZ,United States,1253,67094,967.51
2026-06-03,Cart Abandon Retargeting,META_XYZ_FEED_RETARGETING_US_TEXAS_SUMMER,Audience Network,987as231,XYZ,United States,949,54003,741.02
2026-06-04,Cart Abandon Retargeting,META_XYZ_FEED_RETARGETING_US_TEXAS_SUMMER,Audience Network,987as231,XYZ,United States,897,71982,597.86
2026-06-05,Cart Abandon Retargeting,META_XYZ_FEED_RETARGETING_US_TEXAS_SUMMER,Audience Network,987as231,XYZ,United States,976,62490,741.1
2026-06-06,Cart Abandon Retargeting,META_XYZ_FEED_RETARGETING_US_TEXAS_SUMMER,Audience Network,987as231,XYZ,United States,1068,59606,835.97
2026-06-07,Cart Abandon Retargeting,META_XYZ_FEED_RETARGETING_US_TEXAS_SUMMER,Audience Network,987as231,XYZ,United States,975,55231,756.39
2026-06-08,Cart Abandon Retargeting,META_XYZ_FEED_RETARGETING_US_TEXAS_SUMMER,Audience Network,987as231,XYZ,United States,1103,56254,820.73
2026-06-09,Cart Abandon Retargeting,META_XYZ_FEED_RETARGETING_US_TEXAS_SUMMER,Audience Network,987as231,XYZ,United States,1252,70520,852.43
2026-06-10,Cart Abandon Retargeting,META_XYZ_FEED_RETARGETING_US_TEXAS_SUMMER,Audience Network,987as231,XYZ,United States,1011,55404,706.62
2026-06-11,Cart Abandon Retargeting,META_XYZ_FEED_RETARGETING_US_TEXAS_SUMMER,Audience Network,987as231,XYZ,United States,1324,72902,869.09
2026-06-12,Cart Abandon Retargeting,META_XYZ_FEED_RETARGETING_US_TEXAS_SUMMER,Audience Network,987as231,XYZ,United States,1007,71075,667.18
2026-06-13,Cart Abandon Retargeting,META_XYZ_FEED_RETARGETING_US_TEXAS_SUMMER,Audience Network,987as231,XYZ,United States,1144,68891,760.63
2026-06-14,Cart Abandon Retargeting,META_XYZ_FEED_RETARGETING_US_TEXAS_SUMMER,Audience Network,987as231,XYZ,United States,937,62967,693.32
2026-06-15,Cart Abandon Retargeting,META_XYZ_FEED_RETARGETING_US_TEXAS_SUMMER,Audience Network,987as231,XYZ,United States,979,65541,681.88
2026-06-16,Cart Abandon Retargeting,META_XYZ_FEED_RETARGETING_US_TEXAS_SUMMER,Audience Network,987as231,XYZ,United States,910,54850,709.4
2026-06-17,Cart Abandon Retargeting,META_XYZ_FEED_RETARGETING_US_TEXAS_SUMMER,Audience Network,987as231,XYZ,United States,927,57742,610.91
2026-06-18,Cart Abandon Retargeting,META_XYZ_FEED_RETARGETING_US_TEXAS_SUMMER,Audience Network,987as231,XYZ,United States,1009,72361,741.6
2026-06-19,Cart Abandon Retargeting,META_XYZ_FEED_RETARGETING_US_TEXAS_SUMMER,Audience Network,987as231,XYZ,United States,809,61303,660.61
2026-06-20,Cart Abandon Retargeting,META_XYZ_FEED_RETARGETING_US_TEXAS_SUMMER,Audience Network,987as231,XYZ,United States,1186,72236,964.83
2026-06-21,Cart Abandon Retargeting,META_XYZ_FEED_RETARGETING_US_TEXAS_SUMMER,Audience Network,987as231,XYZ,United States,1067,69544,755.81
2026-06-22,Cart Abandon Retargeting,META_XYZ_FEED_RETARGETING_US_TEXAS_SUMMER,Audience Network,987as231,XYZ,United States,1102,62070,770.71
2026-06-23,Cart Abandon Retargeting,META_XYZ_FEED_RETARGETING_US_TEXAS_SUMMER,Audience Network,987as231,XYZ,United States,813,54274,601.91
2026-06-24,Cart Abandon Retargeting,META_XYZ_FEED_RETARGETING_US_TEXAS_SUMMER,Audience Network,987as231,XYZ,United States,984,73260,781.35
2026-06-25,Cart Abandon Retargeting,META_XYZ_FEED_RETARGETING_US_TEXAS_SUMMER,Audience Network,987as231,XYZ,United States,1474,75091,977.91
2026-06-26,Cart Abandon Retargeting,META_XYZ_FEED_RETARGETING_US_TEXAS_SUMMER,Audience Network,987as231,XYZ,United States,901,63195,721.92
2026-06-27,Cart Abandon Retargeting,META_XYZ_FEED_RETARGETING_US_TEXAS_SUMMER,Audience Network,987as231,XYZ,United States,985,60021,642.83
2026-06-28,Cart Abandon Retargeting,META_XYZ_FEED_RETARGETING_US_TEXAS_SUMMER,Audience Network,987as231,XYZ,United States,942,57103,664.27
2026-06-29,Cart Abandon Retargeting,META_XYZ_FEED_RETARGETING_US_TEXAS_SUMMER,Audience Network,987as231,XYZ,United States,1049,66827,793.34
2026-06-30,Cart Abandon Retargeting,META_XYZ_FEED_RETARGETING_US_TEXAS_SUMMER,Audience Network,987as231,XYZ,United States,1160,63847,795.65
2026-05-01,Stories Traffic Summer,META_XYZ_STORY_TRAFFIC_US_CALIFORNIA_SUMMER,Instagram Stories,987as231,XYZ,United States,1939,171623,891.99
2026-05-02,Stories Traffic Summer,META_XYZ_STORY_TRAFFIC_US_CALIFORNIA_SUMMER,Instagram Stories,987as231,XYZ,United States,1177,123344,539.77
2026-05-03,Stories Traffic Summer,META_XYZ_STORY_TRAFFIC_US_CALIFORNIA_SUMMER,Instagram Stories,987as231,XYZ,United States,1657,141706,885.43
2026-05-04,Stories Traffic Summer,META_XYZ_STORY_TRAFFIC_US_CALIFORNIA_SUMMER,Instagram Stories,987as231,XYZ,United States,1308,174353,665.12
2026-05-05,Stories Traffic Summer,META_XYZ_STORY_TRAFFIC_US_CALIFORNIA_SUMMER,Instagram Stories,987as231,XYZ,United States,1880,168846,833.64
2026-05-06,Stories Traffic Summer,META_XYZ_STORY_TRAFFIC_US_CALIFORNIA_SUMMER,Instagram Stories,987as231,XYZ,United States,1317,151609,644.1
2026-05-07,Stories Traffic Summer,META_XYZ_STORY_TRAFFIC_US_CALIFORNIA_SUMMER,Instagram Stories,987as231,XYZ,United States,1576,126234,811.47
2026-05-08,Stories Traffic Summer,META_XYZ_STORY_TRAFFIC_US_CALIFORNIA_SUMMER,Instagram Stories,987as231,XYZ,United States,1549,128023,831.38
2026-05-09,Stories Traffic Summer,META_XYZ_STORY_TRAFFIC_US_CALIFORNIA_SUMMER,Instagram Stories,987as231,XYZ,United States,1662,151066,789.46
2026-05-10,Stories Traffic Summer,META_XYZ_STORY_TRAFFIC_US_CALIFORNIA_SUMMER,Instagram Stories,987as231,XYZ,United States,1391,175625,615.43
2026-05-11,Stories Traffic Summer,META_XYZ_STORY_TRAFFIC_US_CALIFORNIA_SUMMER,Instagram Stories,987as231,XYZ,United States,1510,130209,664.4
2026-05-12,Stories Traffic Summer,META_XYZ_STORY_TRAFFIC_US_CALIFORNIA_SUMMER,Instagram Stories,987as231,XYZ,United States,1486,153662,809.26
2026-05-13,Stories Traffic Summer,META_XYZ_STORY_TRAFFIC_US_CALIFORNIA_SUMMER,Instagram Stories,987as231,XYZ,United States,1195,135785,559.55
2026-05-14,Stories Traffic Summer,META_XYZ_STORY_TRAFFIC_US_CALIFORNIA_SUMMER,Instagram Stories,987as231,XYZ,United States,1829,166244,946.83
2026-05-15,Stories Traffic Summer,META_XYZ_STORY_TRAFFIC_US_CALIFORNIA_SUMMER,Instagram Stories,987as231,XYZ,United States,1241,140175,546.02
2026-05-16,Stories Traffic Summer,META_XYZ_STORY_TRAFFIC_US_CALIFORNIA_SUMMER,Instagram Stories,987as231,XYZ,United States,1526,133946,762.94
2026-05-17,Stories Traffic Summer,META_XYZ_STORY_TRAFFIC_US_CALIFORNIA_SUMMER,Instagram Stories,987as231,XYZ,United States,1093,131392,531.21
2026-05-18,Stories Traffic Summer,META_XYZ_STORY_TRAFFIC_US_CALIFORNIA_SUMMER,Instagram Stories,987as231,XYZ,United States,1475,144951,803.35
2026-05-19,Stories Traffic Summer,META_XYZ_STORY_TRAFFIC_US_CALIFORNIA_SUMMER,Instagram Stories,987as231,XYZ,United States,1213,134212,560.85
2026-05-20,Stories Traffic Summer,META_XYZ_STORY_TRAFFIC_US_CALIFORNIA_SUMMER,Instagram Stories,987as231,XYZ,United States,1073,129475,549.25
2026-05-21,Stories Traffic Summer,META_XYZ_STORY_TRAFFIC_US_CALIFORNIA_SUMMER,Instagram Stories,987as231,XYZ,United States,1841,167624,802.57
2026-05-22,Stories Traffic Summer,META_XYZ_STORY_TRAFFIC_US_CALIFORNIA_SUMMER,Instagram Stories,987as231,XYZ,United States,1536,168139,678.8
2026-05-23,Stories Traffic Summer,META_XYZ_STORY_TRAFFIC_US_CALIFORNIA_SUMMER,Instagram Stories,987as231,XYZ,United States,1265,136403,621.85
2026-05-24,Stories Traffic Summer,META_XYZ_STORY_TRAFFIC_US_CALIFORNIA_SUMMER,Instagram Stories,987as231,XYZ,United States,1404,159567,768.98
2026-05-25,Stories Traffic Summer,META_XYZ_STORY_TRAFFIC_US_CALIFORNIA_SUMMER,Instagram Stories,987as231,XYZ,United States,1187,124678,574.96
2026-05-26,Stories Traffic Summer,META_XYZ_STORY_TRAFFIC_US_CALIFORNIA_SUMMER,Instagram Stories,987as231,XYZ,United States,1429,163396,693.83
2026-05-27,Stories Traffic Summer,META_XYZ_STORY_TRAFFIC_US_CALIFORNIA_SUMMER,Instagram Stories,987as231,XYZ,United States,1364,166410,590.07
2026-05-28,Stories Traffic Summer,META_XYZ_STORY_TRAFFIC_US_CALIFORNIA_SUMMER,Instagram Stories,987as231,XYZ,United States,2083,167840,930.21
2026-05-29,Stories Traffic Summer,META_XYZ_STORY_TRAFFIC_US_CALIFORNIA_SUMMER,Instagram Stories,987as231,XYZ,United States,1567,167478,791.84
2026-05-30,Stories Traffic Summer,META_XYZ_STORY_TRAFFIC_US_CALIFORNIA_SUMMER,Instagram Stories,987as231,XYZ,United States,1643,157812,758.47
2026-05-31,Stories Traffic Summer,META_XYZ_STORY_TRAFFIC_US_CALIFORNIA_SUMMER,Instagram Stories,987as231,XYZ,United States,1269,166888,556.81
2026-06-01,Stories Traffic Summer,META_XYZ_STORY_TRAFFIC_US_CALIFORNIA_SUMMER,Instagram Stories,987as231,XYZ,United States,1668,171734,744.5
2026-06-02,Stories Traffic Summer,META_XYZ_STORY_TRAFFIC_US_CALIFORNIA_SUMMER,Instagram Stories,987as231,XYZ,United States,2001,171874,940.85
2026-06-03,Stories Traffic Summer,META_XYZ_STORY_TRAFFIC_US_CALIFORNIA_SUMMER,Instagram Stories,987as231,XYZ,United States,1228,125305,553.77
2026-06-04,Stories Traffic Summer,META_XYZ_STORY_TRAFFIC_US_CALIFORNIA_SUMMER,Instagram Stories,987as231,XYZ,United States,1787,153989,853.56
2026-06-05,Stories Traffic Summer,META_XYZ_STORY_TRAFFIC_US_CALIFORNIA_SUMMER,Instagram Stories,987as231,XYZ,United States,1360,124592,614.07
2026-06-06,Stories Traffic Summer,META_XYZ_STORY_TRAFFIC_US_CALIFORNIA_SUMMER,Instagram Stories,987as231,XYZ,United States,1135,134594,526.77
2026-06-07,Stories Traffic Summer,META_XYZ_STORY_TRAFFIC_US_CALIFORNIA_SUMMER,Instagram Stories,987as231,XYZ,United States,1309,170704,659.76
2026-06-08,Stories Traffic Summer,META_XYZ_STORY_TRAFFIC_US_CALIFORNIA_SUMMER,Instagram Stories,987as231,XYZ,United States,1223,136272,586.61
2026-06-09,Stories Traffic Summer,META_XYZ_STORY_TRAFFIC_US_CALIFORNIA_SUMMER,Instagram Stories,987as231,XYZ,United States,1192,152737,553.21
2026-06-10,Stories Traffic Summer,META_XYZ_STORY_TRAFFIC_US_CALIFORNIA_SUMMER,Instagram Stories,987as231,XYZ,United States,1108,130410,593.04
2026-06-11,Stories Traffic Summer,META_XYZ_STORY_TRAFFIC_US_CALIFORNIA_SUMMER,Instagram Stories,987as231,XYZ,United States,1612,151393,847.16
2026-06-12,Stories Traffic Summer,META_XYZ_STORY_TRAFFIC_US_CALIFORNIA_SUMMER,Instagram Stories,987as231,XYZ,United States,2065,165921,1080.31
2026-06-13,Stories Traffic Summer,META_XYZ_STORY_TRAFFIC_US_CALIFORNIA_SUMMER,Instagram Stories,987as231,XYZ,United States,1455,142392,710.33
2026-06-14,Stories Traffic Summer,META_XYZ_STORY_TRAFFIC_US_CALIFORNIA_SUMMER,Instagram Stories,987as231,XYZ,United States,1724,172284,822.13
2026-06-15,Stories Traffic Summer,META_XYZ_STORY_TRAFFIC_US_CALIFORNIA_SUMMER,Instagram Stories,987as231,XYZ,United States,1206,132710,551.09
2026-06-16,Stories Traffic Summer,META_XYZ_STORY_TRAFFIC_US_CALIFORNIA_SUMMER,Instagram Stories,987as231,XYZ,United States,1952,171371,855.15
2026-06-17,Stories Traffic Summer,META_XYZ_STORY_TRAFFIC_US_CALIFORNIA_SUMMER,Instagram Stories,987as231,XYZ,United States,1791,176542,933.79
2026-06-18,Stories Traffic Summer,META_XYZ_STORY_TRAFFIC_US_CALIFORNIA_SUMMER,Instagram Stories,987as231,XYZ,United States,2189,176978,969.67
2026-06-19,Stories Traffic Summer,META_XYZ_STORY_TRAFFIC_US_CALIFORNIA_SUMMER,Instagram Stories,987as231,XYZ,United States,1399,158470,737.55
2026-06-20,Stories Traffic Summer,META_XYZ_STORY_TRAFFIC_US_CALIFORNIA_SUMMER,Instagram Stories,987as231,XYZ,United States,1342,172532,735.92
2026-06-21,Stories Traffic Summer,META_XYZ_STORY_TRAFFIC_US_CALIFORNIA_SUMMER,Instagram Stories,987as231,XYZ,United States,1582,134848,830.51
2026-06-22,Stories Traffic Summer,META_XYZ_STORY_TRAFFIC_US_CALIFORNIA_SUMMER,Instagram Stories,987as231,XYZ,United States,1662,142159,881.85
2026-06-23,Stories Traffic Summer,META_XYZ_STORY_TRAFFIC_US_CALIFORNIA_SUMMER,Instagram Stories,987as231,XYZ,United States,1386,132509,729.05
2026-06-24,Stories Traffic Summer,META_XYZ_STORY_TRAFFIC_US_CALIFORNIA_SUMMER,Instagram Stories,987as231,XYZ,United States,1939,160671,842.53
2026-06-25,Stories Traffic Summer,META_XYZ_STORY_TRAFFIC_US_CALIFORNIA_SUMMER,Instagram Stories,987as231,XYZ,United States,1968,160830,979.04
2026-06-26,Stories Traffic Summer,META_XYZ_STORY_TRAFFIC_US_CALIFORNIA_SUMMER,Instagram Stories,987as231,XYZ,United States,1294,153407,708.32
2026-06-27,Stories Traffic Summer,META_XYZ_STORY_TRAFFIC_US_CALIFORNIA_SUMMER,Instagram Stories,987as231,XYZ,United States,1699,170607,794.36
2026-06-28,Stories Traffic Summer,META_XYZ_STORY_TRAFFIC_US_CALIFORNIA_SUMMER,Instagram Stories,987as231,XYZ,United States,1188,149483,544.77
2026-06-29,Stories Traffic Summer,META_XYZ_STORY_TRAFFIC_US_CALIFORNIA_SUMMER,Instagram Stories,987as231,XYZ,United States,1365,134815,588.7
2026-06-30,Stories Traffic Summer,META_XYZ_STORY_TRAFFIC_US_CALIFORNIA_SUMMER,Instagram Stories,987as231,XYZ,United States,1468,172566,655.53
